I[21:10:17.688] Debian clangd version 19.1.7 (3+b1)
I[21:10:17.689] Features: linux+grpc
I[21:10:17.689] PID: 99241
I[21:10:17.689] Working directory: /home/taba1uga/Github/open_source_ebook_reader
I[21:10:17.689] argv[0]: clangd-19
I[21:10:17.689] argv[1]: --log=verbose
I[21:10:17.689] argv[2]: --pretty
I[21:10:17.689] argv[3]: --compile-commands-dir=/home/taba1uga/Github/open_source_ebook_reader/build
V[21:10:17.690] User config file is /home/taba1uga/.config/clangd/config.yaml
I[21:10:17.690] Starting LSP over stdin/stdout
V[21:10:17.692] <<< {
  "id": 3967,
  "jsonrpc": "2.0",
  "method": "initialize",
  "params": {
    "capabilities": {
      "general": {
        "positionEncodings": [
          "utf-32",
          "utf-8",
          "utf-16"
        ]
      },
      "textDocument": {
        "callHierarchy": {
          "dynamicRegistration": false
        },
        "codeAction": {
          "codeActionLiteralSupport": {
            "codeActionKind": {
              "valueSet": [
                "",
                "quickfix",
                "refactor",
                "refactor.extract",
                "refactor.inline",
                "refactor.rewrite",
                "source",
                "source.organizeImports"
              ]
            }
          },
          "dataSupport": true,
          "dynamicRegistration": true,
          "isPreferredSupport": true,
          "resolveSupport": {
            "properties": [
              "edit",
              "command"
            ]
          }
        },
        "completion": {
          "completionItem": {
            "deprecatedSupport": true,
            "documentationFormat": [
              "markdown",
              "plaintext"
            ],
            "insertReplaceSupport": true,
            "insertTextModeSupport": {
              "valueSet": [
                1,
                2
              ]
            },
            "labelDetailsSupport": true,
            "resolveAdditionalTextEditsSupport": true,
            "resolveSupport": {
              "properties": [
                "documentation",
                "detail",
                "additionalTextEdits",
                "command"
              ]
            },
            "snippetSupport": true
          },
          "contextSupport": true,
          "dynamicRegistration": true
        },
        "declaration": {
          "dynamicRegistration": true,
          "linkSupport": true
        },
        "definition": {
          "dynamicRegistration": true,
          "linkSupport": true
        },
        "diagnostic": {
          "dynamicRegistration": false,
          "relatedDocumentSupport": false
        },
        "documentLink": {
          "dynamicRegistration": true,
          "tooltipSupport": true
        },
        "documentSymbol": {
          "hierarchicalDocumentSymbolSupport": true,
          "symbolKind": {
            "valueSet": [
              1,
              2,
              3,
              4,
              5,
              6,
              7,
              8,
              9,
              10,
              11,
              12,
              13,
              14,
              15,
              16,
              17,
              18,
              19,
              20,
              21,
              22,
              23,
              24,
              25,
              26
            ]
          }
        },
        "foldingRange": {
          "dynamicRegistration": true
        },
        "formatting": {
          "dynamicRegistration": true
        },
        "hover": {
          "contentFormat": [
            "markdown",
            "plaintext"
          ],
          "dynamicRegistration": true
        },
        "implementation": {
          "dynamicRegistration": true,
          "linkSupport": true
        },
        "inlineCompletion": null,
        "linkedEditingRange": {
          "dynamicRegistration": true
        },
        "onTypeFormatting": {
          "dynamicRegistration": true
        },
        "publishDiagnostics": {
          "relatedInformation": true,
          "tagSupport": {
            "valueSet": [
              1,
              2
            ]
          },
          "versionSupport": true
        },
        "rangeFormatting": {
          "dynamicRegistration": true
        },
        "references": {
          "dynamicRegistration": true
        },
        "rename": {
          "dynamicRegistration": true,
          "prepareSupport": true
        },
        "selectionRange": {
          "dynamicRegistration": true
        },
        "signatureHelp": {
          "dynamicRegistration": true,
          "signatureInformation": {
            "activeParameterSupport": true,
            "parameterInformation": {
              "labelOffsetSupport": true
            }
          }
        },
        "synchronization": {
          "didSave": true,
          "willSave": true,
          "willSaveWaitUntil": true
        },
        "typeDefinition": {
          "dynamicRegistration": true,
          "linkSupport": true
        },
        "typeHierarchy": {
          "dynamicRegistration": true
        }
      },
      "window": {
        "showDocument": {
          "support": true
        },
        "workDoneProgress": true
      },
      "workspace": {
        "applyEdit": true,
        "codeLens": {
          "refreshSupport": true
        },
        "configuration": true,
        "diagnostics": {
          "refreshSupport": false
        },
        "didChangeWatchedFiles": {
          "dynamicRegistration": true
        },
        "executeCommand": {
          "dynamicRegistration": false
        },
        "fileOperations": {
          "didCreate": false,
          "didDelete": false,
          "didRename": true,
          "willCreate": false,
          "willDelete": false,
          "willRename": true
        },
        "symbol": {
          "symbolKind": {
            "valueSet": [
              1,
              2,
              3,
              4,
              5,
              6,
              7,
              8,
              9,
              10,
              11,
              12,
              13,
              14,
              15,
              16,
              17,
              18,
              19,
              20,
              21,
              22,
              23,
              24,
              25,
              26
            ]
          }
        },
        "workspaceEdit": {
          "documentChanges": true,
          "resourceOperations": [
            "create",
            "rename",
            "delete"
          ]
        },
        "workspaceFolders": true
      }
    },
    "clientInfo": {
      "name": "emacs",
      "version": "GNU Emacs 30.1 (build 1, x86_64-pc-linux-gnu, GTK+ Version 3.24.49, cairo version 1.18.4)\n of 2025-07-18, modified by Debian"
    },
    "initializationOptions": null,
    "processId": 22145,
    "rootPath": "/home/taba1uga/Github/open_source_ebook_reader",
    "rootUri": "file:///home/taba1uga/Github/open_source_ebook_reader",
    "workDoneToken": "1",
    "workspaceFolders": [
      {
        "name": "open_source_ebook_reader",
        "uri": "file:///home/taba1uga/Github/open_source_ebook_reader"
      }
    ]
  }
}

I[21:10:17.692] <-- initialize(3967)
I[21:10:17.702] --> reply:initialize(3967) 9 ms
V[21:10:17.703] >>> {
  "id": 3967,
  "jsonrpc": "2.0",
  "result": {
    "capabilities": {
      "astProvider": true,
      "callHierarchyProvider": true,
      "clangdInlayHintsProvider": true,
      "codeActionProvider": {
        "codeActionKinds": [
          "quickfix",
          "refactor",
          "info"
        ]
      },
      "compilationDatabase": {
        "automaticReload": true
      },
      "completionProvider": {
        "resolveProvider": false,
        "triggerCharacters": [
          ".",
          "<",
          ">",
          ":",
          "\"",
          "/",
          "*"
        ]
      },
      "declarationProvider": true,
      "definitionProvider": true,
      "documentFormattingProvider": true,
      "documentHighlightProvider": true,
      "documentLinkProvider": {
        "resolveProvider": false
      },
      "documentOnTypeFormattingProvider": {
        "firstTriggerCharacter": "\n",
        "moreTriggerCharacter": []
      },
      "documentRangeFormattingProvider": true,
      "documentSymbolProvider": true,
      "executeCommandProvider": {
        "commands": [
          "clangd.applyFix",
          "clangd.applyRename",
          "clangd.applyTweak"
        ]
      },
      "foldingRangeProvider": true,
      "hoverProvider": true,
      "implementationProvider": true,
      "inactiveRegionsProvider": true,
      "inlayHintProvider": true,
      "memoryUsageProvider": true,
      "referencesProvider": true,
      "renameProvider": {
        "prepareProvider": true
      },
      "selectionRangeProvider": true,
      "semanticTokensProvider": {
        "full": {
          "delta": true
        },
        "legend": {
          "tokenModifiers": [
            "declaration",
            "definition",
            "deprecated",
            "deduced",
            "readonly",
            "static",
            "abstract",
            "virtual",
            "dependentName",
            "defaultLibrary",
            "usedAsMutableReference",
            "usedAsMutablePointer",
            "constructorOrDestructor",
            "userDefined",
            "functionScope",
            "classScope",
            "fileScope",
            "globalScope"
          ],
          "tokenTypes": [
            "variable",
            "variable",
            "parameter",
            "function",
            "method",
            "function",
            "property",
            "variable",
            "class",
            "interface",
            "enum",
            "enumMember",
            "type",
            "type",
            "unknown",
            "namespace",
            "typeParameter",
            "concept",
            "type",
            "macro",
            "modifier",
            "operator",
            "bracket",
            "label",
            "comment"
          ]
        },
        "range": false
      },
      "signatureHelpProvider": {
        "triggerCharacters": [
          "(",
          ")",
          "{",
          "}",
          "<",
          ">",
          ","
        ]
      },
      "standardTypeHierarchyProvider": true,
      "textDocumentSync": {
        "change": 2,
        "openClose": true,
        "save": true
      },
      "typeDefinitionProvider": true,
      "typeHierarchyProvider": true,
      "workspaceSymbolProvider": true
    },
    "serverInfo": {
      "name": "clangd",
      "version": "Debian clangd version 19.1.7 (3+b1) linux+grpc x86_64-pc-linux-gnu"
    }
  }
}

V[21:10:17.849] <<< {
  "jsonrpc": "2.0",
  "method": "initialized",
  "params": {}
}

I[21:10:17.849] <-- initialized
V[21:10:17.849] <<< {
  "jsonrpc": "2.0",
  "method": "textDocument/didOpen",
  "params": {
    "textDocument": {
      "languageId": "c",
      "text": "/**\n * SPDX-License-Identifier: MIT\n *\n * Copyright 2026 Jakub Buczynski <KubaTaba1uga>\n */\n#include <fontconfig/fontconfig.h>\n#include <signal.h>\n#include <stdbool.h>\n#include <stdio.h>\n#include <stdlib.h>\n#include <unistd.h>\n\n#include \"app/app.h\"\n#include \"utils/err.h\"\n#include \"utils/log.h\"\n\nstatic app_t app;\nstatic int main_setup(void);\nstatic void exit_handler(void);\nstatic void signal_handler(int);\n\nint main(void) {\n  log_info(\"Starting app\");\n\n  if (main_setup() != 0) {\n    goto error_out;\n  }\n\n  err_o = app_init(&app);\n  ERR_TRY(err_o);\n\n  log_info(\"App is running\");\n\n  err_o = app_main(app);\n  ERR_TRY(err_o);\n\n  app_destroy(&app);\n\n  puts(\"DONE\");\n  return 0;\n\nerror_out:\n  log_error(err_o);\n  return err_o->code;\n}\n\n/**\n   The e-ink displays that i used where prone to demage if left in power on\n   state for too much time. So we are trying to fire up at least `panic` every\n   time we detect that some unexpected crash happened.\n\n   @todo Fork main to start app, detect exit code of app and do cleanup if it is\n         not equal to 0.\n*/\nstatic void exit_handler(void) {\n  puts(\"EXIT\");\n  if (app) {\n    app_destroy(&app);\n    FcFini(); // Font config leave some rubbish, we are cleaning it\n              // cause it seems cleaner than adding asan suppresion\n              // file.\n  }\n}\n\nstatic void signal_handler(int signum) {\n  puts(\"SIGNAL\");\n  if (app) {\n    app_panic(app);\n  }\n  _exit(1);\n};\n\nstatic int main_setup(void) {\n  struct sigaction sa = {0};\n  sa.sa_handler = signal_handler;\n  sigemptyset(&sa.sa_mask);\n  int signals[] = {\n      SIGINT, SIGTERM, SIGHUP,\n      SIGABRT, // SIGABRT is triggered by assert\n  };\n  for (size_t i = 0; i < sizeof(signals) / sizeof(signals[0]); i++) {\n    if (sigaction(signals[i], &sa, NULL) == -1) {\n      err_o = err_errnof(errno, \"Cannot sonfigure signal handler for %d\",\n                         signals[i]);\n      return 1;\n    }\n  }\n  if (atexit(exit_handler) != 0) {\n    err_o = err_errnof(errno, \"Cannot set exit handler\");\n    return 2;\n  };\n\n  return 0;\n}\n\nvoid __asan_on_error(void) {\n  if (app) {\n    /* app_panic(app); */\n  }\n}\n",
      "uri": "file:///home/taba1uga/Github/open_source_ebook_reader/package/ebook_reader/src/main.c",
      "version": 0
    }
  }
}

I[21:10:17.849] <-- textDocument/didOpen
I[21:10:17.860] Loaded compilation database from /home/taba1uga/Github/open_source_ebook_reader/build/compile_commands.json
V[21:10:17.860] Broadcasting compilation database from /home/taba1uga/Github/open_source_ebook_reader/build
I[21:10:17.860] --> window/workDoneProgress/create(0)
V[21:10:17.861] >>> {
  "id": 0,
  "jsonrpc": "2.0",
  "method": "window/workDoneProgress/create",
  "params": {
    "token": "backgroundIndexProgress"
  }
}

I[21:10:17.861] Enqueueing 7 commands for indexing
V[21:10:17.861] Failed to load shard: /home/taba1uga/Github/open_source_ebook_reader/build/buildroot/build/linux-custom/tools/perf/pmu-events/pmu-events.c
V[21:10:17.861] Failed to load shard: /home/taba1uga/Github/open_source_ebook_reader/build/buildroot/build/linux-custom/tools/perf/util/pmu-flex.c
V[21:10:17.861] Failed to load shard: /home/taba1uga/Github/open_source_ebook_reader/build/buildroot/build/linux-custom/tools/perf/util/pmu-bison.c
V[21:10:17.861] Failed to load shard: /home/taba1uga/Github/open_source_ebook_reader/build/buildroot/build/linux-custom/tools/perf/util/parse-events-bison.c
V[21:10:17.861] Failed to load shard: /home/taba1uga/Github/open_source_ebook_reader/build/buildroot/build/linux-custom/tools/perf/util/expr-flex.c
V[21:10:17.861] Failed to load shard: /home/taba1uga/Github/open_source_ebook_reader/build/buildroot/build/linux-custom/tools/perf/util/expr-bison.c
V[21:10:17.861] Failed to load shard: /home/taba1uga/Github/open_source_ebook_reader/build/buildroot/build/linux-custom/tools/perf/util/parse-events-flex.c
I[21:10:17.864] ASTWorker building file /home/taba1uga/Github/open_source_ebook_reader/package/ebook_reader/src/main.c version 0 with command inferred from /home/taba1uga/Github/open_source_ebook_reader/build/buildroot/build/linux-custom/tools/perf/util/pmu-flex.c
[/home/taba1uga/Github/open_source_ebook_reader/build]
/home/taba1uga/Github/open_source_ebook_reader/build/buildroot/host/bin/arm-linux-gcc --target=arm-linux -Wp,-MD,/home/taba1uga/Github/open_source_ebook_reader/build/buildroot/build/linux-custom/tools/perf/util/.pmu-flex.o.d -Wp,-MT,/home/taba1uga/Github/open_source_ebook_reader/build/buildroot/build/linux-custom/tools/perf/util/pmu-flex.o -Wbad-function-cast -Wdeclaration-after-statement -Wformat-security -Wformat-y2k -Winit-self -Wmissing-declarations -Wmissing-prototypes -Wno-system-headers -Wold-style-definition -Wpacked -Wredundant-decls -Wstrict-prototypes -Wswitch-default -Wswitch-enum -Wundef -Wwrite-strings -Wformat -Wno-type-limits -Wstrict-aliasing=3 -Wshadow -DHAVE_PERF_REGS_SUPPORT -DNDEBUG=1 -O6 -fno-omit-frame-pointer -Wall -Wextra -fstack-protector-all -U_FORTIFY_SOURCE -D_FORTIFY_SOURCE=2 -D_LARGEFILE64_SOURCE -D_FILE_OFFSET_BITS=64 -D_GNU_SOURCE -I/home/taba1uga/Github/open_source_ebook_reader/build/buildroot/build/linux-custom/tools/perf/util/include -I/home/taba1uga/Github/open_source_ebook_reader/build/buildroot/build/linux-custom/tools/perf/arch/arm/include -I/home/taba1uga/Github/open_source_ebook_reader/build/buildroot/build/linux-custom/tools/include/ -I/home/taba1uga/Github/open_source_ebook_reader/build/buildroot/build/linux-custom/tools/arch/arm/include/uapi -I/home/taba1uga/Github/open_source_ebook_reader/build/buildroot/build/linux-custom/tools/include/uapi -I/home/taba1uga/Github/open_source_ebook_reader/build/buildroot/build/linux-custom/tools/arch/arm/include/ -I/home/taba1uga/Github/open_source_ebook_reader/build/buildroot/build/linux-custom/tools/arch/arm/ -I/home/taba1uga/Github/open_source_ebook_reader/build/buildroot/build/linux-custom/tools/perf//util -I/home/taba1uga/Github/open_source_ebook_reader/build/buildroot/build/linux-custom/tools/perf/ -I/home/taba1uga/Github/open_source_ebook_reader/build/buildroot/build/linux-custom/tools/perf/util -I/home/taba1uga/Github/open_source_ebook_reader/build/buildroot/build/linux-custom/tools/perf -DHAVE_PTHREAD_ATTR_SETAFFINITY_NP -DHAVE_PTHREAD_BARRIER -DHAVE_EVENTFD_SUPPORT -DHAVE_GET_CURRENT_DIR_NAME -DHAVE_GETTID -DHAVE_FILE_HANDLE -DHAVE_AIO_SUPPORT -DHAVE_SCANDIRAT_SUPPORT -DHAVE_SCHED_GETCPU_SUPPORT -DHAVE_SETNS_SUPPORT -DHAVE_LIBCRYPTO_SUPPORT -DNO_LIBPERL -DHAVE_TIMERFD_SUPPORT -DNO_LIBPYTHON -DHAVE_ZLIB_SUPPORT -DHAVE_BACKTRACE_SUPPORT -DHAVE_AUXTRACE_SUPPORT -I/home/taba1uga/Github/open_source_ebook_reader/build/buildroot/build/linux-custom/tools/perf/libapi/include -I/home/taba1uga/Github/open_source_ebook_reader/build/buildroot/build/linux-custom/tools/perf/libsubcmd/include -I/home/taba1uga/Github/open_source_ebook_reader/build/buildroot/build/linux-custom/tools/perf/libsymbol/include -I/home/taba1uga/Github/open_source_ebook_reader/build/buildroot/build/linux-custom/tools/perf/libperf/include -I/home/taba1uga/Github/open_source_ebook_reader/build/buildroot/build/linux-custom/tools/perf/ -DBUILD_STR(s)=#s -Wno-redundant-decls -Wno-switch-default -Wno-unused-function -Wno-misleading-indentation -Wno-unused-but-set-variable -c -std=gnu11 -resource-dir=/usr/lib/llvm-19/lib/clang/19 -- /home/taba1uga/Github/open_source_ebook_reader/package/ebook_reader/src/main.c
V[21:10:17.867] Indexing /home/taba1uga/Github/open_source_ebook_reader/build/buildroot/build/linux-custom/tools/perf/util/pmu-flex.c (digest:=59B7E7E600CE4224)
V[21:10:17.867] Indexing /home/taba1uga/Github/open_source_ebook_reader/build/buildroot/build/linux-custom/tools/perf/pmu-events/pmu-events.c (digest:=D493552FAFE4A9CD)
V[21:10:17.867] Indexing /home/taba1uga/Github/open_source_ebook_reader/build/buildroot/build/linux-custom/tools/perf/util/parse-events-bison.c (digest:=AFD8F4558C98753E)
V[21:10:17.868] Indexing /home/taba1uga/Github/open_source_ebook_reader/build/buildroot/build/linux-custom/tools/perf/util/expr-bison.c (digest:=1B6F6D9C69665BEC)
V[21:10:17.874] Ignored diagnostic. unknown platform, assuming -mfloat-abi=soft
V[21:10:17.874] Ignored diagnostic. unknown platform, assuming -mfloat-abi=soft
V[21:10:17.874] Ignored diagnostic. unknown platform, assuming -mfloat-abi=soft
V[21:10:17.874] Ignored diagnostic. unknown platform, assuming -mfloat-abi=soft
V[21:10:17.874] Ignored diagnostic. unknown platform, assuming -mfloat-abi=soft
V[21:10:17.876] Ignored diagnostic. unknown platform, assuming -mfloat-abi=soft
V[21:10:17.876] Ignored diagnostic. unknown platform, assuming -mfloat-abi=soft
V[21:10:17.876] Ignored diagnostic. unknown platform, assuming -mfloat-abi=soft
V[21:10:17.876] Ignored diagnostic. unknown platform, assuming -mfloat-abi=soft
V[21:10:17.876] Ignored diagnostic. unknown platform, assuming -mfloat-abi=soft
V[21:10:17.881] Ignored diagnostic. unknown platform, assuming -mfloat-abi=soft
V[21:10:17.881] Ignored diagnostic. unknown platform, assuming -mfloat-abi=soft
V[21:10:17.882] Ignored diagnostic. unknown platform, assuming -mfloat-abi=soft
V[21:10:17.882] Ignored diagnostic. unknown platform, assuming -mfloat-abi=soft
V[21:10:17.882] Ignored diagnostic. unknown platform, assuming -mfloat-abi=soft
V[21:10:17.886] Ignored diagnostic. optimization level '-O6' is not supported; using '-O3' instead
V[21:10:17.886] Ignored diagnostic. optimization level '-O6' is not supported; using '-O3' instead
V[21:10:17.886] Ignored diagnostic. optimization level '-O6' is not supported; using '-O3' instead
V[21:10:17.887] Ignored diagnostic. optimization level '-O6' is not supported; using '-O3' instead
V[21:10:17.886] Ignored diagnostic. optimization level '-O6' is not supported; using '-O3' instead
V[21:10:17.889] Driver produced command: cc1 -cc1 -triple armv5e-unknown-linux -fsyntax-only -disable-free -clear-ast-before-backend -disable-llvm-verifier -discard-value-names -main-file-name main.c -mrelocation-model pic -pic-level 2 -pic-is-pie -mframe-pointer=all -fmath-errno -ffp-contract=on -fno-rounding-math -mconstructor-aliases -target-cpu arm1022e -target-feature +soft-float -target-feature +soft-float-abi -target-feature -vfp2 -target-feature -vfp2sp -target-feature -vfp3 -target-feature -vfp3d16 -target-feature -vfp3d16sp -target-feature -vfp3sp -target-feature -fp16 -target-feature -vfp4 -target-feature -vfp4d16 -target-feature -vfp4d16sp -target-feature -vfp4sp -target-feature -fp-armv8 -target-feature -fp-armv8d16 -target-feature -fp-armv8d16sp -target-feature -fp-armv8sp -target-feature -fullfp16 -target-feature -fp64 -target-feature -d32 -target-feature -neon -target-feature -sha2 -target-feature -aes -target-feature -dotprod -target-feature -fp16fml -target-feature -bf16 -target-feature -mve -target-feature -mve.fp -target-feature -fpregs -target-feature +strict-align -target-abi aapcs -msoft-float -mfloat-abi soft -Wunaligned-access -debugger-tuning=gdb -fdebug-compilation-dir=/home/taba1uga/Github/open_source_ebook_reader/build -fcoverage-compilation-dir=/home/taba1uga/Github/open_source_ebook_reader/build -resource-dir /usr/lib/llvm-19/lib/clang/19 -dependency-file /home/taba1uga/Github/open_source_ebook_reader/build/buildroot/build/linux-custom/tools/perf/util/.pmu-flex.o.d -MT main.o -sys-header-deps -D HAVE_PERF_REGS_SUPPORT -D NDEBUG=1 -U _FORTIFY_SOURCE -D _FORTIFY_SOURCE=2 -D _LARGEFILE64_SOURCE -D _FILE_OFFSET_BITS=64 -D _GNU_SOURCE -I /home/taba1uga/Github/open_source_ebook_reader/build/buildroot/build/linux-custom/tools/perf/util/include -I /home/taba1uga/Github/open_source_ebook_reader/build/buildroot/build/linux-custom/tools/perf/arch/arm/include -I /home/taba1uga/Github/open_source_ebook_reader/build/buildroot/build/linux-custom/tools/include/ -I /home/taba1uga/Github/open_source_ebook_reader/build/buildroot/build/linux-custom/tools/arch/arm/include/uapi -I /home/taba1uga/Github/open_source_ebook_reader/build/buildroot/build/linux-custom/tools/include/uapi -I /home/taba1uga/Github/open_source_ebook_reader/build/buildroot/build/linux-custom/tools/arch/arm/include/ -I /home/taba1uga/Github/open_source_ebook_reader/build/buildroot/build/linux-custom/tools/arch/arm/ -I /home/taba1uga/Github/open_source_ebook_reader/build/buildroot/build/linux-custom/tools/perf//util -I /home/taba1uga/Github/open_source_ebook_reader/build/buildroot/build/linux-custom/tools/perf/ -I /home/taba1uga/Github/open_source_ebook_reader/build/buildroot/build/linux-custom/tools/perf/util -I /home/taba1uga/Github/open_source_ebook_reader/build/buildroot/build/linux-custom/tools/perf -D HAVE_PTHREAD_ATTR_SETAFFINITY_NP -D HAVE_PTHREAD_BARRIER -D HAVE_EVENTFD_SUPPORT -D HAVE_GET_CURRENT_DIR_NAME -D HAVE_GETTID -D HAVE_FILE_HANDLE -D HAVE_AIO_SUPPORT -D HAVE_SCANDIRAT_SUPPORT -D HAVE_SCHED_GETCPU_SUPPORT -D HAVE_SETNS_SUPPORT -D HAVE_LIBCRYPTO_SUPPORT -D NO_LIBPERL -D HAVE_TIMERFD_SUPPORT -D NO_LIBPYTHON -D HAVE_ZLIB_SUPPORT -D HAVE_BACKTRACE_SUPPORT -D HAVE_AUXTRACE_SUPPORT -I /home/taba1uga/Github/open_source_ebook_reader/build/buildroot/build/linux-custom/tools/perf/libapi/include -I /home/taba1uga/Github/open_source_ebook_reader/build/buildroot/build/linux-custom/tools/perf/libsubcmd/include -I /home/taba1uga/Github/open_source_ebook_reader/build/buildroot/build/linux-custom/tools/perf/libsymbol/include -I /home/taba1uga/Github/open_source_ebook_reader/build/buildroot/build/linux-custom/tools/perf/libperf/include -I /home/taba1uga/Github/open_source_ebook_reader/build/buildroot/build/linux-custom/tools/perf/ -D BUILD_STR(s)=#s -MT /home/taba1uga/Github/open_source_ebook_reader/build/buildroot/build/linux-custom/tools/perf/util/pmu-flex.o -internal-isystem /usr/lib/llvm-19/lib/clang/19/include -internal-isystem /usr/local/include -internal-externc-isystem /usr/include/arm-linux-gnueabi -internal-externc-isystem /include -internal-externc-isystem /usr/include -O6 -Wbad-function-cast -Wdeclaration-after-statement -Wformat-security -Wformat-y2k -Winit-self -Wmissing-declarations -Wmissing-prototypes -Wno-system-headers -Wold-style-definition -Wpacked -Wredundant-decls -Wstrict-prototypes -Wswitch-default -Wswitch-enum -Wundef -Wwrite-strings -Wformat -Wno-type-limits -Wstrict-aliasing=3 -Wshadow -Wall -Wextra -Wno-redundant-decls -Wno-switch-default -Wno-unused-function -Wno-misleading-indentation -Wno-unused-but-set-variable -std=gnu11 -fconst-strings -ferror-limit 19 -stack-protector 3 -fno-signed-char -fgnuc-version=4.2.1 -fskip-odr-check-in-gmf -vectorize-loops -vectorize-slp -no-round-trip-args -faddrsig -x c /home/taba1uga/Github/open_source_ebook_reader/package/ebook_reader/src/main.c
V[21:10:17.889] Building first preamble for /home/taba1uga/Github/open_source_ebook_reader/package/ebook_reader/src/main.c version 0
V[21:10:17.891] Ignored diagnostic. unknown warning option '-Wstrict-aliasing=3'; did you mean '-Wstring-plus-int'?
V[21:10:17.891] Ignored diagnostic. unknown warning option '-Wstrict-aliasing=3'; did you mean '-Wstring-plus-int'?
V[21:10:17.892] Ignored diagnostic. unknown warning option '-Wstrict-aliasing=3'; did you mean '-Wstring-plus-int'?
V[21:10:17.892] Ignored diagnostic. unknown warning option '-Wstrict-aliasing=3'; did you mean '-Wstring-plus-int'?
V[21:10:17.895] Ignored diagnostic. unknown warning option '-Wstrict-aliasing=3'; did you mean '-Wstring-plus-int'?
V[21:10:17.896] Ignored diagnostic. unknown warning option '-Wstrict-aliasing=3'; did you mean '-Wstring-plus-int'?
V[21:10:17.926] Ignored diagnostic. /usr/include/features-time64.h:20:10:'bits/wordsize.h' file not found
V[21:10:17.927] Ignored diagnostic. /usr/include/stdio.h:28:10:'bits/libc-header-start.h' file not found
V[21:10:17.928] Ignored diagnostic. /usr/include/features-time64.h:20:10:'bits/wordsize.h' file not found
V[21:10:18.008] <<< {
  "id": 3968,
  "jsonrpc": "2.0",
  "method": "textDocument/codeAction",
  "params": {
    "context": {
      "diagnostics": []
    },
    "range": {
      "end": {
        "character": 0,
        "line": 0
      },
      "start": {
        "character": 0,
        "line": 0
      }
    },
    "textDocument": {
      "uri": "file:///home/taba1uga/Github/open_source_ebook_reader/package/ebook_reader/src/main.c"
    }
  }
}

I[21:10:18.008] <-- textDocument/codeAction(3968)
V[21:10:18.008] Ignored diagnostic. /usr/include/stdint.h:26:10:'bits/libc-header-start.h' file not found
V[21:10:18.009] <<< {
  "id": 3969,
  "jsonrpc": "2.0",
  "method": "textDocument/documentLink",
  "params": {
    "textDocument": {
      "uri": "file:///home/taba1uga/Github/open_source_ebook_reader/package/ebook_reader/src/main.c"
    }
  }
}

I[21:10:18.009] <-- textDocument/documentLink(3969)
V[21:10:18.009] <<< {
  "id": 3970,
  "jsonrpc": "2.0",
  "method": "textDocument/documentHighlight",
  "params": {
    "position": {
      "character": 0,
      "line": 0
    },
    "textDocument": {
      "uri": "file:///home/taba1uga/Github/open_source_ebook_reader/package/ebook_reader/src/main.c"
    }
  }
}

I[21:10:18.009] <-- textDocument/documentHighlight(3970)
V[21:10:18.009] <<< {
  "jsonrpc": "2.0",
  "method": "$/cancelRequest",
  "params": {
    "id": 3968
  }
}

I[21:10:18.009] <-- $/cancelRequest
V[21:10:18.010] <<< {
  "id": 3971,
  "jsonrpc": "2.0",
  "method": "textDocument/codeAction",
  "params": {
    "context": {
      "diagnostics": []
    },
    "range": {
      "end": {
        "character": 0,
        "line": 0
      },
      "start": {
        "character": 0,
        "line": 0
      }
    },
    "textDocument": {
      "uri": "file:///home/taba1uga/Github/open_source_ebook_reader/package/ebook_reader/src/main.c"
    }
  }
}

I[21:10:18.010] <-- textDocument/codeAction(3971)
V[21:10:18.010] <<< {
  "id": 3972,
  "jsonrpc": "2.0",
  "method": "textDocument/documentLink",
  "params": {
    "textDocument": {
      "uri": "file:///home/taba1uga/Github/open_source_ebook_reader/package/ebook_reader/src/main.c"
    }
  }
}

I[21:10:18.010] <-- textDocument/documentLink(3972)
V[21:10:18.010] <<< {
  "jsonrpc": "2.0",
  "method": "$/cancelRequest",
  "params": {
    "id": 3970
  }
}

I[21:10:18.010] <-- $/cancelRequest
V[21:10:18.010] <<< {
  "id": 3973,
  "jsonrpc": "2.0",
  "method": "textDocument/documentHighlight",
  "params": {
    "position": {
      "character": 0,
      "line": 0
    },
    "textDocument": {
      "uri": "file:///home/taba1uga/Github/open_source_ebook_reader/package/ebook_reader/src/main.c"
    }
  }
}

I[21:10:18.010] <-- textDocument/documentHighlight(3973)
V[21:10:18.039] <<< {
  "id": 3974,
  "jsonrpc": "2.0",
  "method": "textDocument/codeAction",
  "params": {
    "context": {
      "diagnostics": []
    },
    "range": {
      "end": {
        "character": 0,
        "line": 0
      },
      "start": {
        "character": 0,
        "line": 0
      }
    },
    "textDocument": {
      "uri": "file:///home/taba1uga/Github/open_source_ebook_reader/package/ebook_reader/src/main.c"
    }
  }
}

I[21:10:18.039] <-- textDocument/codeAction(3974)
V[21:10:18.039] <<< {
  "id": 0,
  "jsonrpc": "2.0",
  "result": null
}

I[21:10:18.039] <-- reply(0)
I[21:10:18.039] --> $/progress
V[21:10:18.039] >>> {
  "jsonrpc": "2.0",
  "method": "$/progress",
  "params": {
    "token": "backgroundIndexProgress",
    "value": {
      "kind": "begin",
      "percentage": 0,
      "title": "indexing"
    }
  }
}

I[21:10:18.039] --> $/progress
V[21:10:18.039] >>> {
  "jsonrpc": "2.0",
  "method": "$/progress",
  "params": {
    "token": "backgroundIndexProgress",
    "value": {
      "kind": "report",
      "message": "1/8",
      "percentage": 12
    }
  }
}

I[21:10:18.053] Built preamble of size 570292 for file /home/taba1uga/Github/open_source_ebook_reader/package/ebook_reader/src/main.c version 0 in 0.16 seconds
I[21:10:18.054] Indexing c17 standard library in the context of /home/taba1uga/Github/open_source_ebook_reader/package/ebook_reader/src/main.c
V[21:10:18.056] Ignored diagnostic. unknown warning option '-Wstrict-aliasing=3'; did you mean '-Wstring-plus-int'?
V[21:10:18.070] Ignored diagnostic. /usr/include/stdio.h:28:10:'bits/libc-header-start.h' file not found
V[21:10:18.085] indexed preamble AST for /home/taba1uga/Github/open_source_ebook_reader/package/ebook_reader/src/main.c version 0:
  symbol slab: 888 symbols, 251192 bytes
  ref slab: 0 symbols, 0 refs, 128 bytes
  relations slab: 0 relations, 24 bytes
V[21:10:18.099] Ignored diagnostic. unknown warning option '-Wstrict-aliasing=3'; did you mean '-Wstring-plus-int'?
V[21:10:18.101] Build dynamic index for header symbols with estimated memory usage of 1082256 bytes
V[21:10:18.138] Trying to fix unresolved name "fprintf" in scopes: []
V[21:10:18.139] Dex query tree: (LIMIT 10000 (& T=rin T=pri T=fpr T=ntf T=int S= ?=Restricted For Code Completion))
I[21:10:18.140] Indexed c17 standard library (incomplete due to errors): 883 symbols, 28 filtered
V[21:10:18.147] Trying to fix include for incomplete type sigaction
V[21:10:18.149] Trying to fix unresolved name "sigemptyset" in scopes: []
V[21:10:18.149] Dex query tree: false
V[21:10:18.152] Trying to fix unresolved name "SIGINT" in scopes: []
V[21:10:18.152] Dex query tree: (LIMIT 10000 (& T=sig T=gin T=igi T=int S= ?=Restricted For Code Completion))
V[21:10:18.153] Trying to fix unresolved name "SIGTERM" in scopes: []
V[21:10:18.154] Build dynamic index for header symbols with estimated memory usage of 1822664 bytes
V[21:10:18.156] Dex query tree: (LIMIT 10000 (& T=igt T=erm T=sig T=gte T=ter S= ?=Restricted For Code Completion))
V[21:10:18.157] Trying to fix unresolved name "SIGHUP" in scopes: []
V[21:10:18.158] Trying to fix unresolved name "SIGABRT" in scopes: []
V[21:10:18.159] Trying to fix unresolved name "sigaction" in scopes: []
V[21:10:18.164] Dropped diagnostic: : call to undeclared function '__errno_location'; ISO C99 and later do not support implicit function declarations
V[21:10:18.166] Trying to fix unresolved name "atexit" in scopes: []
V[21:10:18.166] Dropped diagnostic: : call to undeclared function '__errno_location'; ISO C99 and later do not support implicit function declarations
V[21:10:18.179] indexed file AST for /home/taba1uga/Github/open_source_ebook_reader/package/ebook_reader/src/main.c version 0:
  symbol slab: 6 symbols, 5608 bytes
  ref slab: 27 symbols, 61 refs, 4992 bytes
  relations slab: 0 relations, 24 bytes
V[21:10:18.180] Build dynamic index for main-file symbols with estimated memory usage of 16504 bytes
I[21:10:18.181] --> textDocument/publishDiagnostics
V[21:10:18.185] >>> {
  "jsonrpc": "2.0",
  "method": "textDocument/publishDiagnostics",
  "params": {
    "diagnostics": [
      {
        "code": "pp_file_not_found",
        "message": "In included file: 'sys/types.h' file not found",
        "range": {
          "end": {
            "character": 10,
            "line": 5
          },
          "start": {
            "character": 9,
            "line": 5
          }
        },
        "relatedInformation": [
          {
            "location": {
              "range": {
                "end": {
                  "character": 22,
                  "line": 27
                },
                "start": {
                  "character": 9,
                  "line": 27
                }
              },
              "uri": "file:///usr/include/fontconfig/fontconfig.h"
            },
            "message": "Error occurred here"
          }
        ],
        "severity": 1,
        "source": "clang"
      },
      {
        "code": "-Wimplicit-function-declaration",
        "message": "Call to undeclared function 'fprintf'; ISO C99 and later do not support implicit function declarations",
        "range": {
          "end": {
            "character": 10,
            "line": 22
          },
          "start": {
            "character": 2,
            "line": 22
          }
        },
        "relatedInformation": [],
        "severity": 1,
        "source": "clang"
      },
      {
        "code": "-Wbuiltin-requires-header",
        "message": "Declaration of built-in function 'fprintf' requires inclusion of the header <stdio.h>",
        "range": {
          "end": {
            "character": 10,
            "line": 22
          },
          "start": {
            "character": 2,
            "line": 22
          }
        },
        "relatedInformation": [],
        "severity": 2,
        "source": "clang"
      },
      {
        "code": "-Wunused-parameter",
        "message": "Unused parameter 'signum'",
        "range": {
          "end": {
            "character": 37,
            "line": 64
          },
          "start": {
            "character": 31,
            "line": 64
          }
        },
        "relatedInformation": [],
        "severity": 2,
        "source": "clang",
        "tags": [
          1
        ]
      },
      {
        "code": "typecheck_decl_incomplete_type",
        "message": "Variable has incomplete type 'struct sigaction'",
        "range": {
          "end": {
            "character": 21,
            "line": 73
          },
          "start": {
            "character": 19,
            "line": 73
          }
        },
        "relatedInformation": [
          {
            "location": {
              "range": {
                "end": {
                  "character": 18,
                  "line": 73
                },
                "start": {
                  "character": 9,
                  "line": 73
                }
              },
              "uri": "file:///home/taba1uga/Github/open_source_ebook_reader/package/ebook_reader/src/main.c"
            },
            "message": "Forward declaration of 'struct sigaction'"
          }
        ],
        "severity": 1,
        "source": "clang"
      },
      {
        "code": "-Wimplicit-function-declaration",
        "message": "Call to undeclared function 'sigemptyset'; ISO C99 and later do not support implicit function declarations",
        "range": {
          "end": {
            "character": 13,
            "line": 75
          },
          "start": {
            "character": 2,
            "line": 75
          }
        },
        "relatedInformation": [],
        "severity": 1,
        "source": "clang"
      },
      {
        "code": "undeclared_var_use",
        "message": "Use of undeclared identifier 'SIGINT'",
        "range": {
          "end": {
            "character": 12,
            "line": 77
          },
          "start": {
            "character": 6,
            "line": 77
          }
        },
        "relatedInformation": [],
        "severity": 1,
        "source": "clang"
      },
      {
        "code": "undeclared_var_use",
        "message": "Use of undeclared identifier 'SIGTERM'",
        "range": {
          "end": {
            "character": 21,
            "line": 77
          },
          "start": {
            "character": 14,
            "line": 77
          }
        },
        "relatedInformation": [],
        "severity": 1,
        "source": "clang"
      },
      {
        "code": "undeclared_var_use",
        "message": "Use of undeclared identifier 'SIGHUP'",
        "range": {
          "end": {
            "character": 29,
            "line": 77
          },
          "start": {
            "character": 23,
            "line": 77
          }
        },
        "relatedInformation": [],
        "severity": 1,
        "source": "clang"
      },
      {
        "code": "undeclared_var_use",
        "message": "Use of undeclared identifier 'SIGABRT'",
        "range": {
          "end": {
            "character": 13,
            "line": 78
          },
          "start": {
            "character": 6,
            "line": 78
          }
        },
        "relatedInformation": [],
        "severity": 1,
        "source": "clang"
      },
      {
        "code": "sizeof_alignof_incomplete_or_sizeless_type",
        "message": "Invalid application of 'sizeof' to an incomplete type 'int[]'",
        "range": {
          "end": {
            "character": 40,
            "line": 80
          },
          "start": {
            "character": 31,
            "line": 80
          }
        },
        "relatedInformation": [],
        "severity": 1,
        "source": "clang"
      },
      {
        "code": "-Wimplicit-function-declaration",
        "message": "Call to undeclared function 'sigaction'; ISO C99 and later do not support implicit function declarations",
        "range": {
          "end": {
            "character": 17,
            "line": 81
          },
          "start": {
            "character": 8,
            "line": 81
          }
        },
        "relatedInformation": [],
        "severity": 1,
        "source": "clang"
      },
      {
        "code": "typecheck_indirection_requires_pointer",
        "message": "Indirection requires pointer operand ('int' invalid)",
        "range": {
          "end": {
            "character": 30,
            "line": 82
          },
          "start": {
            "character": 25,
            "line": 82
          }
        },
        "relatedInformation": [],
        "severity": 1,
        "source": "clang"
      },
      {
        "code": "-Wimplicit-function-declaration",
        "message": "Call to undeclared function 'atexit'; ISO C99 and later do not support implicit function declarations (fix available)",
        "range": {
          "end": {
            "character": 12,
            "line": 87
          },
          "start": {
            "character": 6,
            "line": 87
          }
        },
        "relatedInformation": [
          {
            "location": {
              "range": {
                "end": {
                  "character": 12,
                  "line": 87
                },
                "start": {
                  "character": 6,
                  "line": 87
                }
              },
              "uri": "file:///home/taba1uga/Github/open_source_ebook_reader/package/ebook_reader/src/main.c"
            },
            "message": "Did you mean '_exit'?"
          }
        ],
        "severity": 1,
        "source": "clang"
      },
      {
        "code": "typecheck_indirection_requires_pointer",
        "message": "Indirection requires pointer operand ('int' invalid)",
        "range": {
          "end": {
            "character": 28,
            "line": 88
          },
          "start": {
            "character": 23,
            "line": 88
          }
        },
        "relatedInformation": [],
        "severity": 1,
        "source": "clang"
      },
      {
        "code": "-Wdeclaration-after-statement",
        "message": "Mixing declarations and code is incompatible with standards before C99",
        "range": {
          "end": {
            "character": 13,
            "line": 76
          },
          "start": {
            "character": 6,
            "line": 76
          }
        },
        "relatedInformation": [],
        "severity": 2,
        "source": "clang"
      },
      {
        "code": "-Wmissing-prototypes",
        "message": "No previous prototype for function '__asan_on_error' (fix available)",
        "range": {
          "end": {
            "character": 20,
            "line": 95
          },
          "start": {
            "character": 5,
            "line": 95
          }
        },
        "relatedInformation": [],
        "severity": 2,
        "source": "clang"
      },
      {
        "code": "unused-includes",
        "codeDescription": {
          "href": "https://clangd.llvm.org/guides/include-cleaner"
        },
        "message": "Included header signal.h is not used directly (fix available)",
        "range": {
          "end": {
            "character": 19,
            "line": 6
          },
          "start": {
            "character": 0,
            "line": 6
          }
        },
        "relatedInformation": [],
        "severity": 2,
        "source": "clangd",
        "tags": [
          1
        ]
      }
    ],
    "uri": "file:///home/taba1uga/Github/open_source_ebook_reader/package/ebook_reader/src/main.c",
    "version": 0
  }
}

I[21:10:18.187] --> reply:textDocument/codeAction(3968) 179 ms, error: Task was cancelled.
V[21:10:18.187] >>> {
  "error": {
    "code": -32800,
    "message": "Request cancelled"
  },
  "id": 3968,
  "jsonrpc": "2.0"
}

V[21:10:18.187] ASTWorker running DocumentLinks on version 0 of /home/taba1uga/Github/open_source_ebook_reader/package/ebook_reader/src/main.c
I[21:10:18.187] --> reply:textDocument/documentLink(3969) 178 ms
V[21:10:18.187] >>> {
  "id": 3969,
  "jsonrpc": "2.0",
  "result": [
    {
      "range": {
        "end": {
          "character": 34,
          "line": 5
        },
        "start": {
          "character": 9,
          "line": 5
        }
      },
      "target": "file:///usr/include/fontconfig/fontconfig.h"
    },
    {
      "range": {
        "end": {
          "character": 19,
          "line": 6
        },
        "start": {
          "character": 9,
          "line": 6
        }
      },
      "target": "file:///usr/include/signal.h"
    },
    {
      "range": {
        "end": {
          "character": 20,
          "line": 7
        },
        "start": {
          "character": 9,
          "line": 7
        }
      },
      "target": "file:///usr/lib/llvm-19/lib/clang/19/include/stdbool.h"
    },
    {
      "range": {
        "end": {
          "character": 18,
          "line": 8
        },
        "start": {
          "character": 9,
          "line": 8
        }
      },
      "target": "file:///usr/include/stdio.h"
    },
    {
      "range": {
        "end": {
          "character": 19,
          "line": 9
        },
        "start": {
          "character": 9,
          "line": 9
        }
      },
      "target": "file:///usr/include/stdlib.h"
    },
    {
      "range": {
        "end": {
          "character": 19,
          "line": 10
        },
        "start": {
          "character": 9,
          "line": 10
        }
      },
      "target": "file:///usr/include/unistd.h"
    },
    {
      "range": {
        "end": {
          "character": 20,
          "line": 12
        },
        "start": {
          "character": 9,
          "line": 12
        }
      },
      "target": "file:///home/taba1uga/Github/open_source_ebook_reader/package/ebook_reader/src/app/app.h"
    },
    {
      "range": {
        "end": {
          "character": 22,
          "line": 13
        },
        "start": {
          "character": 9,
          "line": 13
        }
      },
      "target": "file:///home/taba1uga/Github/open_source_ebook_reader/package/ebook_reader/src/utils/err.h"
    },
    {
      "range": {
        "end": {
          "character": 22,
          "line": 14
        },
        "start": {
          "character": 9,
          "line": 14
        }
      },
      "target": "file:///home/taba1uga/Github/open_source_ebook_reader/package/ebook_reader/src/utils/log.h"
    }
  ]
}

I[21:10:18.187] --> reply:textDocument/documentHighlight(3970) 178 ms, error: Task was cancelled.
V[21:10:18.187] >>> {
  "error": {
    "code": -32800,
    "message": "Request cancelled"
  },
  "id": 3970,
  "jsonrpc": "2.0"
}

V[21:10:18.187] ASTWorker running codeAction on version 0 of /home/taba1uga/Github/open_source_ebook_reader/package/ebook_reader/src/main.c
I[21:10:18.188] --> reply:textDocument/codeAction(3971) 177 ms
V[21:10:18.188] >>> {
  "id": 3971,
  "jsonrpc": "2.0",
  "result": []
}

V[21:10:18.188] ASTWorker running DocumentLinks on version 0 of /home/taba1uga/Github/open_source_ebook_reader/package/ebook_reader/src/main.c
I[21:10:18.188] --> reply:textDocument/documentLink(3972) 177 ms
V[21:10:18.188] >>> {
  "id": 3972,
  "jsonrpc": "2.0",
  "result": [
    {
      "range": {
        "end": {
          "character": 34,
          "line": 5
        },
        "start": {
          "character": 9,
          "line": 5
        }
      },
      "target": "file:///usr/include/fontconfig/fontconfig.h"
    },
    {
      "range": {
        "end": {
          "character": 19,
          "line": 6
        },
        "start": {
          "character": 9,
          "line": 6
        }
      },
      "target": "file:///usr/include/signal.h"
    },
    {
      "range": {
        "end": {
          "character": 20,
          "line": 7
        },
        "start": {
          "character": 9,
          "line": 7
        }
      },
      "target": "file:///usr/lib/llvm-19/lib/clang/19/include/stdbool.h"
    },
    {
      "range": {
        "end": {
          "character": 18,
          "line": 8
        },
        "start": {
          "character": 9,
          "line": 8
        }
      },
      "target": "file:///usr/include/stdio.h"
    },
    {
      "range": {
        "end": {
          "character": 19,
          "line": 9
        },
        "start": {
          "character": 9,
          "line": 9
        }
      },
      "target": "file:///usr/include/stdlib.h"
    },
    {
      "range": {
        "end": {
          "character": 19,
          "line": 10
        },
        "start": {
          "character": 9,
          "line": 10
        }
      },
      "target": "file:///usr/include/unistd.h"
    },
    {
      "range": {
        "end": {
          "character": 20,
          "line": 12
        },
        "start": {
          "character": 9,
          "line": 12
        }
      },
      "target": "file:///home/taba1uga/Github/open_source_ebook_reader/package/ebook_reader/src/app/app.h"
    },
    {
      "range": {
        "end": {
          "character": 22,
          "line": 13
        },
        "start": {
          "character": 9,
          "line": 13
        }
      },
      "target": "file:///home/taba1uga/Github/open_source_ebook_reader/package/ebook_reader/src/utils/err.h"
    },
    {
      "range": {
        "end": {
          "character": 22,
          "line": 14
        },
        "start": {
          "character": 9,
          "line": 14
        }
      },
      "target": "file:///home/taba1uga/Github/open_source_ebook_reader/package/ebook_reader/src/utils/log.h"
    }
  ]
}

V[21:10:18.188] ASTWorker running Highlights on version 0 of /home/taba1uga/Github/open_source_ebook_reader/package/ebook_reader/src/main.c
I[21:10:18.188] --> reply:textDocument/documentHighlight(3973) 177 ms
V[21:10:18.188] >>> {
  "id": 3973,
  "jsonrpc": "2.0",
  "result": []
}

V[21:10:18.188] ASTWorker running codeAction on version 0 of /home/taba1uga/Github/open_source_ebook_reader/package/ebook_reader/src/main.c
I[21:10:18.188] --> reply:textDocument/codeAction(3974) 149 ms
V[21:10:18.188] >>> {
  "id": 3974,
  "jsonrpc": "2.0",
  "result": []
}

V[21:10:18.191] <<< {
  "jsonrpc": "2.0",
  "method": "$/cancelRequest",
  "params": {
    "id": 3971
  }
}

I[21:10:18.191] <-- $/cancelRequest
V[21:10:18.191] <<< {
  "id": 3975,
  "jsonrpc": "2.0",
  "method": "textDocument/codeAction",
  "params": {
    "context": {
      "diagnostics": []
    },
    "range": {
      "end": {
        "character": 0,
        "line": 0
      },
      "start": {
        "character": 0,
        "line": 0
      }
    },
    "textDocument": {
      "uri": "file:///home/taba1uga/Github/open_source_ebook_reader/package/ebook_reader/src/main.c"
    }
  }
}

I[21:10:18.191] <-- textDocument/codeAction(3975)
V[21:10:18.192] ASTWorker running codeAction on version 0 of /home/taba1uga/Github/open_source_ebook_reader/package/ebook_reader/src/main.c
I[21:10:18.192] --> reply:textDocument/codeAction(3975) 0 ms
V[21:10:18.192] >>> {
  "id": 3975,
  "jsonrpc": "2.0",
  "result": []
}

V[21:10:18.192] <<< {
  "id": 3976,
  "jsonrpc": "2.0",
  "method": "textDocument/documentLink",
  "params": {
    "textDocument": {
      "uri": "file:///home/taba1uga/Github/open_source_ebook_reader/package/ebook_reader/src/main.c"
    }
  }
}

I[21:10:18.192] <-- textDocument/documentLink(3976)
V[21:10:18.192] ASTWorker running DocumentLinks on version 0 of /home/taba1uga/Github/open_source_ebook_reader/package/ebook_reader/src/main.c
I[21:10:18.192] --> reply:textDocument/documentLink(3976) 0 ms
V[21:10:18.192] >>> {
  "id": 3976,
  "jsonrpc": "2.0",
  "result": [
    {
      "range": {
        "end": {
          "character": 34,
          "line": 5
        },
        "start": {
          "character": 9,
          "line": 5
        }
      },
      "target": "file:///usr/include/fontconfig/fontconfig.h"
    },
    {
      "range": {
        "end": {
          "character": 19,
          "line": 6
        },
        "start": {
          "character": 9,
          "line": 6
        }
      },
      "target": "file:///usr/include/signal.h"
    },
    {
      "range": {
        "end": {
          "character": 20,
          "line": 7
        },
        "start": {
          "character": 9,
          "line": 7
        }
      },
      "target": "file:///usr/lib/llvm-19/lib/clang/19/include/stdbool.h"
    },
    {
      "range": {
        "end": {
          "character": 18,
          "line": 8
        },
        "start": {
          "character": 9,
          "line": 8
        }
      },
      "target": "file:///usr/include/stdio.h"
    },
    {
      "range": {
        "end": {
          "character": 19,
          "line": 9
        },
        "start": {
          "character": 9,
          "line": 9
        }
      },
      "target": "file:///usr/include/stdlib.h"
    },
    {
      "range": {
        "end": {
          "character": 19,
          "line": 10
        },
        "start": {
          "character": 9,
          "line": 10
        }
      },
      "target": "file:///usr/include/unistd.h"
    },
    {
      "range": {
        "end": {
          "character": 20,
          "line": 12
        },
        "start": {
          "character": 9,
          "line": 12
        }
      },
      "target": "file:///home/taba1uga/Github/open_source_ebook_reader/package/ebook_reader/src/app/app.h"
    },
    {
      "range": {
        "end": {
          "character": 22,
          "line": 13
        },
        "start": {
          "character": 9,
          "line": 13
        }
      },
      "target": "file:///home/taba1uga/Github/open_source_ebook_reader/package/ebook_reader/src/utils/err.h"
    },
    {
      "range": {
        "end": {
          "character": 22,
          "line": 14
        },
        "start": {
          "character": 9,
          "line": 14
        }
      },
      "target": "file:///home/taba1uga/Github/open_source_ebook_reader/package/ebook_reader/src/utils/log.h"
    }
  ]
}

V[21:10:18.192] <<< {
  "jsonrpc": "2.0",
  "method": "$/cancelRequest",
  "params": {
    "id": 3973
  }
}

I[21:10:18.192] <-- $/cancelRequest
V[21:10:18.192] <<< {
  "id": 3977,
  "jsonrpc": "2.0",
  "method": "textDocument/documentHighlight",
  "params": {
    "position": {
      "character": 0,
      "line": 0
    },
    "textDocument": {
      "uri": "file:///home/taba1uga/Github/open_source_ebook_reader/package/ebook_reader/src/main.c"
    }
  }
}

I[21:10:18.192] <-- textDocument/documentHighlight(3977)
V[21:10:18.192] ASTWorker running Highlights on version 0 of /home/taba1uga/Github/open_source_ebook_reader/package/ebook_reader/src/main.c
I[21:10:18.192] --> reply:textDocument/documentHighlight(3977) 0 ms
V[21:10:18.192] >>> {
  "id": 3977,
  "jsonrpc": "2.0",
  "result": []
}

I[21:10:18.206] Indexed /home/taba1uga/Github/open_source_ebook_reader/build/buildroot/build/linux-custom/tools/perf/util/expr-bison.c (261 symbols, 1780 refs, 41 files)
I[21:10:18.206] Failed to compile /home/taba1uga/Github/open_source_ebook_reader/build/buildroot/build/linux-custom/tools/perf/util/expr-bison.c, index may be incomplete
I[21:10:18.221] --> $/progress
V[21:10:18.221] >>> {
  "jsonrpc": "2.0",
  "method": "$/progress",
  "params": {
    "token": "backgroundIndexProgress",
    "value": {
      "kind": "report",
      "message": "2/8",
      "percentage": 25
    }
  }
}

I[21:10:18.221] --> $/progress
V[21:10:18.221] >>> {
  "jsonrpc": "2.0",
  "method": "$/progress",
  "params": {
    "token": "backgroundIndexProgress",
    "value": {
      "kind": "report",
      "message": "2/8",
      "percentage": 25
    }
  }
}

V[21:10:18.222] Indexing /home/taba1uga/Github/open_source_ebook_reader/build/buildroot/build/linux-custom/tools/perf/util/pmu-bison.c (digest:=83B57357CE1F9D7D)
V[21:10:18.222] Ignored diagnostic. unknown platform, assuming -mfloat-abi=soft
V[21:10:18.223] Ignored diagnostic. unknown platform, assuming -mfloat-abi=soft
V[21:10:18.223] Ignored diagnostic. unknown platform, assuming -mfloat-abi=soft
V[21:10:18.223] Ignored diagnostic. optimization level '-O6' is not supported; using '-O3' instead
V[21:10:18.226] Ignored diagnostic. unknown warning option '-Wstrict-aliasing=3'; did you mean '-Wstring-plus-int'?
V[21:10:18.232] Ignored diagnostic. /usr/include/stdint.h:26:10:'bits/libc-header-start.h' file not found
I[21:10:18.355] Indexed /home/taba1uga/Github/open_source_ebook_reader/build/buildroot/build/linux-custom/tools/perf/util/pmu-flex.c (942 symbols, 3790 refs, 85 files)
I[21:10:18.355] Failed to compile /home/taba1uga/Github/open_source_ebook_reader/build/buildroot/build/linux-custom/tools/perf/util/pmu-flex.c, index may be incomplete
I[21:10:18.361] Indexed /home/taba1uga/Github/open_source_ebook_reader/build/buildroot/build/linux-custom/tools/perf/pmu-events/pmu-events.c (1225 symbols, 3642 refs, 93 files)
I[21:10:18.361] Failed to compile /home/taba1uga/Github/open_source_ebook_reader/build/buildroot/build/linux-custom/tools/perf/pmu-events/pmu-events.c, index may be incomplete
I[21:10:18.371] Indexed /home/taba1uga/Github/open_source_ebook_reader/build/buildroot/build/linux-custom/tools/perf/util/pmu-bison.c (898 symbols, 2845 refs, 82 files)
I[21:10:18.372] Failed to compile /home/taba1uga/Github/open_source_ebook_reader/build/buildroot/build/linux-custom/tools/perf/util/pmu-bison.c, index may be incomplete
I[21:10:18.400] --> $/progress
V[21:10:18.401] >>> {
  "jsonrpc": "2.0",
  "method": "$/progress",
  "params": {
    "token": "backgroundIndexProgress",
    "value": {
      "kind": "report",
      "message": "3/8",
      "percentage": 37
    }
  }
}

I[21:10:18.401] --> $/progress
V[21:10:18.401] >>> {
  "jsonrpc": "2.0",
  "method": "$/progress",
  "params": {
    "token": "backgroundIndexProgress",
    "value": {
      "kind": "report",
      "message": "3/8",
      "percentage": 37
    }
  }
}

V[21:10:18.401] Indexing /home/taba1uga/Github/open_source_ebook_reader/build/buildroot/build/linux-custom/tools/perf/util/expr-flex.c (digest:=37B551AF87FDB16B)
V[21:10:18.402] Ignored diagnostic. unknown platform, assuming -mfloat-abi=soft
V[21:10:18.402] Ignored diagnostic. unknown platform, assuming -mfloat-abi=soft
V[21:10:18.402] Ignored diagnostic. unknown platform, assuming -mfloat-abi=soft
I[21:10:18.403] --> $/progress
V[21:10:18.403] >>> {
  "jsonrpc": "2.0",
  "method": "$/progress",
  "params": {
    "token": "backgroundIndexProgress",
    "value": {
      "kind": "report",
      "message": "4/8",
      "percentage": 50
    }
  }
}

I[21:10:18.403] --> $/progress
V[21:10:18.403] >>> {
  "jsonrpc": "2.0",
  "method": "$/progress",
  "params": {
    "token": "backgroundIndexProgress",
    "value": {
      "kind": "report",
      "message": "4/8",
      "percentage": 50
    }
  }
}

V[21:10:18.403] Ignored diagnostic. optimization level '-O6' is not supported; using '-O3' instead
V[21:10:18.404] Indexing /home/taba1uga/Github/open_source_ebook_reader/build/buildroot/build/linux-custom/tools/perf/util/parse-events-flex.c (digest:=BE549825B2534E39)
V[21:10:18.405] Ignored diagnostic. unknown platform, assuming -mfloat-abi=soft
V[21:10:18.405] Ignored diagnostic. unknown platform, assuming -mfloat-abi=soft
V[21:10:18.405] Ignored diagnostic. unknown platform, assuming -mfloat-abi=soft
V[21:10:18.406] Ignored diagnostic. optimization level '-O6' is not supported; using '-O3' instead
V[21:10:18.408] Ignored diagnostic. unknown warning option '-Wstrict-aliasing=3'; did you mean '-Wstring-plus-int'?
V[21:10:18.409] Ignored diagnostic. unknown warning option '-Wstrict-aliasing=3'; did you mean '-Wstring-plus-int'?
I[21:10:18.411] Indexed /home/taba1uga/Github/open_source_ebook_reader/build/buildroot/build/linux-custom/tools/perf/util/parse-events-bison.c (1408 symbols, 4599 refs, 98 files)
I[21:10:18.411] Failed to compile /home/taba1uga/Github/open_source_ebook_reader/build/buildroot/build/linux-custom/tools/perf/util/parse-events-bison.c, index may be incomplete
V[21:10:18.411] Ignored diagnostic. /usr/include/stdio.h:28:10:'bits/libc-header-start.h' file not found
V[21:10:18.415] Ignored diagnostic. /usr/include/stdio.h:28:10:'bits/libc-header-start.h' file not found
V[21:10:18.443] BackgroundIndex: building version 1 after indexing enough files
V[21:10:18.467] BackgroundIndex: serving version 1 (3575719 bytes)
I[21:10:18.467] --> $/progress
V[21:10:18.467] >>> {
  "jsonrpc": "2.0",
  "method": "$/progress",
  "params": {
    "token": "backgroundIndexProgress",
    "value": {
      "kind": "report",
      "message": "5/8",
      "percentage": 62
    }
  }
}

I[21:10:18.484] --> $/progress
V[21:10:18.484] >>> {
  "jsonrpc": "2.0",
  "method": "$/progress",
  "params": {
    "token": "backgroundIndexProgress",
    "value": {
      "kind": "report",
      "message": "6/8",
      "percentage": 75
    }
  }
}

I[21:10:18.512] Indexed /home/taba1uga/Github/open_source_ebook_reader/build/buildroot/build/linux-custom/tools/perf/util/expr-flex.c (259 symbols, 2191 refs, 39 files)
I[21:10:18.512] Failed to compile /home/taba1uga/Github/open_source_ebook_reader/build/buildroot/build/linux-custom/tools/perf/util/expr-flex.c, index may be incomplete
I[21:10:18.518] --> $/progress
V[21:10:18.518] >>> {
  "jsonrpc": "2.0",
  "method": "$/progress",
  "params": {
    "token": "backgroundIndexProgress",
    "value": {
      "kind": "report",
      "message": "7/8",
      "percentage": 87
    }
  }
}

I[21:10:18.659] Indexed /home/taba1uga/Github/open_source_ebook_reader/build/buildroot/build/linux-custom/tools/perf/util/parse-events-flex.c (1260 symbols, 5563 refs, 94 files)
I[21:10:18.659] Failed to compile /home/taba1uga/Github/open_source_ebook_reader/build/buildroot/build/linux-custom/tools/perf/util/parse-events-flex.c, index may be incomplete
V[21:10:18.675] BackgroundIndex: building version 2 when background indexer is idle
V[21:10:18.701] BackgroundIndex: serving version 2 (4236777 bytes)
I[21:10:18.703] --> $/progress
V[21:10:18.703] >>> {
  "jsonrpc": "2.0",
  "method": "$/progress",
  "params": {
    "token": "backgroundIndexProgress",
    "value": {
      "kind": "end"
    }
  }
}

V[21:10:18.718] <<< {
  "id": 3978,
  "jsonrpc": "2.0",
  "method": "textDocument/codeAction",
  "params": {
    "context": {
      "diagnostics": []
    },
    "range": {
      "end": {
        "character": 0,
        "line": 1
      },
      "start": {
        "character": 0,
        "line": 1
      }
    },
    "textDocument": {
      "uri": "file:///home/taba1uga/Github/open_source_ebook_reader/package/ebook_reader/src/main.c"
    }
  }
}

I[21:10:18.718] <-- textDocument/codeAction(3978)
V[21:10:18.718] <<< {
  "id": 3979,
  "jsonrpc": "2.0",
  "method": "textDocument/documentLink",
  "params": {
    "textDocument": {
      "uri": "file:///home/taba1uga/Github/open_source_ebook_reader/package/ebook_reader/src/main.c"
    }
  }
}

I[21:10:18.718] <-- textDocument/documentLink(3979)
V[21:10:18.718] ASTWorker running codeAction on version 0 of /home/taba1uga/Github/open_source_ebook_reader/package/ebook_reader/src/main.c
I[21:10:18.718] --> reply:textDocument/codeAction(3978) 0 ms
V[21:10:18.718] >>> {
  "id": 3978,
  "jsonrpc": "2.0",
  "result": []
}

V[21:10:18.718] ASTWorker running DocumentLinks on version 0 of /home/taba1uga/Github/open_source_ebook_reader/package/ebook_reader/src/main.c
I[21:10:18.718] --> reply:textDocument/documentLink(3979) 0 ms
V[21:10:18.718] >>> {
  "id": 3979,
  "jsonrpc": "2.0",
  "result": [
    {
      "range": {
        "end": {
          "character": 34,
          "line": 5
        },
        "start": {
          "character": 9,
          "line": 5
        }
      },
      "target": "file:///usr/include/fontconfig/fontconfig.h"
    },
    {
      "range": {
        "end": {
          "character": 19,
          "line": 6
        },
        "start": {
          "character": 9,
          "line": 6
        }
      },
      "target": "file:///usr/include/signal.h"
    },
    {
      "range": {
        "end": {
          "character": 20,
          "line": 7
        },
        "start": {
          "character": 9,
          "line": 7
        }
      },
      "target": "file:///usr/lib/llvm-19/lib/clang/19/include/stdbool.h"
    },
    {
      "range": {
        "end": {
          "character": 18,
          "line": 8
        },
        "start": {
          "character": 9,
          "line": 8
        }
      },
      "target": "file:///usr/include/stdio.h"
    },
    {
      "range": {
        "end": {
          "character": 19,
          "line": 9
        },
        "start": {
          "character": 9,
          "line": 9
        }
      },
      "target": "file:///usr/include/stdlib.h"
    },
    {
      "range": {
        "end": {
          "character": 19,
          "line": 10
        },
        "start": {
          "character": 9,
          "line": 10
        }
      },
      "target": "file:///usr/include/unistd.h"
    },
    {
      "range": {
        "end": {
          "character": 20,
          "line": 12
        },
        "start": {
          "character": 9,
          "line": 12
        }
      },
      "target": "file:///home/taba1uga/Github/open_source_ebook_reader/package/ebook_reader/src/app/app.h"
    },
    {
      "range": {
        "end": {
          "character": 22,
          "line": 13
        },
        "start": {
          "character": 9,
          "line": 13
        }
      },
      "target": "file:///home/taba1uga/Github/open_source_ebook_reader/package/ebook_reader/src/utils/err.h"
    },
    {
      "range": {
        "end": {
          "character": 22,
          "line": 14
        },
        "start": {
          "character": 9,
          "line": 14
        }
      },
      "target": "file:///home/taba1uga/Github/open_source_ebook_reader/package/ebook_reader/src/utils/log.h"
    }
  ]
}

V[21:10:18.805] <<< {
  "id": 3980,
  "jsonrpc": "2.0",
  "method": "textDocument/codeAction",
  "params": {
    "context": {
      "diagnostics": []
    },
    "range": {
      "end": {
        "character": 0,
        "line": 1
      },
      "start": {
        "character": 0,
        "line": 1
      }
    },
    "textDocument": {
      "uri": "file:///home/taba1uga/Github/open_source_ebook_reader/package/ebook_reader/src/main.c"
    }
  }
}

I[21:10:18.805] <-- textDocument/codeAction(3980)
V[21:10:18.805] ASTWorker running codeAction on version 0 of /home/taba1uga/Github/open_source_ebook_reader/package/ebook_reader/src/main.c
I[21:10:18.805] --> reply:textDocument/codeAction(3980) 0 ms
V[21:10:18.805] >>> {
  "id": 3980,
  "jsonrpc": "2.0",
  "result": []
}

V[21:10:22.177] <<< {
  "id": 3981,
  "jsonrpc": "2.0",
  "method": "textDocument/codeAction",
  "params": {
    "context": {
      "diagnostics": []
    },
    "range": {
      "end": {
        "character": 0,
        "line": 72
      },
      "start": {
        "character": 0,
        "line": 72
      }
    },
    "textDocument": {
      "uri": "file:///home/taba1uga/Github/open_source_ebook_reader/package/ebook_reader/src/main.c"
    }
  }
}

I[21:10:22.177] <-- textDocument/codeAction(3981)
V[21:10:22.177] <<< {
  "id": 3982,
  "jsonrpc": "2.0",
  "method": "textDocument/documentLink",
  "params": {
    "textDocument": {
      "uri": "file:///home/taba1uga/Github/open_source_ebook_reader/package/ebook_reader/src/main.c"
    }
  }
}

I[21:10:22.177] <-- textDocument/documentLink(3982)
V[21:10:22.177] <<< {
  "id": 3983,
  "jsonrpc": "2.0",
  "method": "textDocument/documentHighlight",
  "params": {
    "position": {
      "character": 0,
      "line": 72
    },
    "textDocument": {
      "uri": "file:///home/taba1uga/Github/open_source_ebook_reader/package/ebook_reader/src/main.c"
    }
  }
}

I[21:10:22.177] <-- textDocument/documentHighlight(3983)
V[21:10:22.177] ASTWorker running codeAction on version 0 of /home/taba1uga/Github/open_source_ebook_reader/package/ebook_reader/src/main.c
I[21:10:22.178] --> reply:textDocument/codeAction(3981) 0 ms
V[21:10:22.178] >>> {
  "id": 3981,
  "jsonrpc": "2.0",
  "result": []
}

V[21:10:22.178] ASTWorker running DocumentLinks on version 0 of /home/taba1uga/Github/open_source_ebook_reader/package/ebook_reader/src/main.c
I[21:10:22.178] --> reply:textDocument/documentLink(3982) 0 ms
V[21:10:22.178] >>> {
  "id": 3982,
  "jsonrpc": "2.0",
  "result": [
    {
      "range": {
        "end": {
          "character": 34,
          "line": 5
        },
        "start": {
          "character": 9,
          "line": 5
        }
      },
      "target": "file:///usr/include/fontconfig/fontconfig.h"
    },
    {
      "range": {
        "end": {
          "character": 19,
          "line": 6
        },
        "start": {
          "character": 9,
          "line": 6
        }
      },
      "target": "file:///usr/include/signal.h"
    },
    {
      "range": {
        "end": {
          "character": 20,
          "line": 7
        },
        "start": {
          "character": 9,
          "line": 7
        }
      },
      "target": "file:///usr/lib/llvm-19/lib/clang/19/include/stdbool.h"
    },
    {
      "range": {
        "end": {
          "character": 18,
          "line": 8
        },
        "start": {
          "character": 9,
          "line": 8
        }
      },
      "target": "file:///usr/include/stdio.h"
    },
    {
      "range": {
        "end": {
          "character": 19,
          "line": 9
        },
        "start": {
          "character": 9,
          "line": 9
        }
      },
      "target": "file:///usr/include/stdlib.h"
    },
    {
      "range": {
        "end": {
          "character": 19,
          "line": 10
        },
        "start": {
          "character": 9,
          "line": 10
        }
      },
      "target": "file:///usr/include/unistd.h"
    },
    {
      "range": {
        "end": {
          "character": 20,
          "line": 12
        },
        "start": {
          "character": 9,
          "line": 12
        }
      },
      "target": "file:///home/taba1uga/Github/open_source_ebook_reader/package/ebook_reader/src/app/app.h"
    },
    {
      "range": {
        "end": {
          "character": 22,
          "line": 13
        },
        "start": {
          "character": 9,
          "line": 13
        }
      },
      "target": "file:///home/taba1uga/Github/open_source_ebook_reader/package/ebook_reader/src/utils/err.h"
    },
    {
      "range": {
        "end": {
          "character": 22,
          "line": 14
        },
        "start": {
          "character": 9,
          "line": 14
        }
      },
      "target": "file:///home/taba1uga/Github/open_source_ebook_reader/package/ebook_reader/src/utils/log.h"
    }
  ]
}

V[21:10:22.178] ASTWorker running Highlights on version 0 of /home/taba1uga/Github/open_source_ebook_reader/package/ebook_reader/src/main.c
I[21:10:22.179] --> reply:textDocument/documentHighlight(3983) 1 ms
V[21:10:22.179] >>> {
  "id": 3983,
  "jsonrpc": "2.0",
  "result": [
    {
      "kind": 1,
      "range": {
        "end": {
          "character": 21,
          "line": 17
        },
        "start": {
          "character": 11,
          "line": 17
        }
      }
    },
    {
      "kind": 1,
      "range": {
        "end": {
          "character": 16,
          "line": 24
        },
        "start": {
          "character": 6,
          "line": 24
        }
      }
    },
    {
      "kind": 1,
      "range": {
        "end": {
          "character": 21,
          "line": 72
        },
        "start": {
          "character": 11,
          "line": 72
        }
      }
    }
  ]
}

V[21:10:22.277] <<< {
  "id": 3984,
  "jsonrpc": "2.0",
  "method": "textDocument/codeAction",
  "params": {
    "context": {
      "diagnostics": []
    },
    "range": {
      "end": {
        "character": 0,
        "line": 72
      },
      "start": {
        "character": 0,
        "line": 72
      }
    },
    "textDocument": {
      "uri": "file:///home/taba1uga/Github/open_source_ebook_reader/package/ebook_reader/src/main.c"
    }
  }
}

I[21:10:22.277] <-- textDocument/codeAction(3984)
V[21:10:22.277] ASTWorker running codeAction on version 0 of /home/taba1uga/Github/open_source_ebook_reader/package/ebook_reader/src/main.c
I[21:10:22.277] --> reply:textDocument/codeAction(3984) 0 ms
V[21:10:22.277] >>> {
  "id": 3984,
  "jsonrpc": "2.0",
  "result": []
}

V[21:10:22.577] <<< {
  "id": 3985,
  "jsonrpc": "2.0",
  "method": "textDocument/hover",
  "params": {
    "position": {
      "character": 0,
      "line": 72
    },
    "textDocument": {
      "uri": "file:///home/taba1uga/Github/open_source_ebook_reader/package/ebook_reader/src/main.c"
    }
  }
}

I[21:10:22.577] <-- textDocument/hover(3985)
V[21:10:22.577] ASTWorker running Hover on version 0 of /home/taba1uga/Github/open_source_ebook_reader/package/ebook_reader/src/main.c
I[21:10:22.583] --> reply:textDocument/hover(3985) 6 ms
V[21:10:22.583] >>> {
  "id": 3985,
  "jsonrpc": "2.0",
  "result": {
    "contents": {
      "kind": "markdown",
      "value": "### function `main_setup`  \n\n---\n→ `int`  \n\n---\n```cpp\nstatic int main_setup(void)\n```"
    },
    "range": {
      "end": {
        "character": 6,
        "line": 72
      },
      "start": {
        "character": 0,
        "line": 72
      }
    }
  }
}

V[21:10:22.781] <<< {
  "id": 3986,
  "jsonrpc": "2.0",
  "method": "textDocument/codeAction",
  "params": {
    "context": {
      "diagnostics": []
    },
    "range": {
      "end": {
        "character": 0,
        "line": 73
      },
      "start": {
        "character": 0,
        "line": 73
      }
    },
    "textDocument": {
      "uri": "file:///home/taba1uga/Github/open_source_ebook_reader/package/ebook_reader/src/main.c"
    }
  }
}

I[21:10:22.781] <-- textDocument/codeAction(3986)
V[21:10:22.781] <<< {
  "id": 3987,
  "jsonrpc": "2.0",
  "method": "textDocument/documentLink",
  "params": {
    "textDocument": {
      "uri": "file:///home/taba1uga/Github/open_source_ebook_reader/package/ebook_reader/src/main.c"
    }
  }
}

I[21:10:22.781] <-- textDocument/documentLink(3987)
V[21:10:22.783] ASTWorker running codeAction on version 0 of /home/taba1uga/Github/open_source_ebook_reader/package/ebook_reader/src/main.c
I[21:10:22.783] --> reply:textDocument/codeAction(3986) 1 ms
V[21:10:22.783] >>> {
  "id": 3986,
  "jsonrpc": "2.0",
  "result": []
}

V[21:10:22.783] ASTWorker running DocumentLinks on version 0 of /home/taba1uga/Github/open_source_ebook_reader/package/ebook_reader/src/main.c
I[21:10:22.783] --> reply:textDocument/documentLink(3987) 1 ms
V[21:10:22.783] >>> {
  "id": 3987,
  "jsonrpc": "2.0",
  "result": [
    {
      "range": {
        "end": {
          "character": 34,
          "line": 5
        },
        "start": {
          "character": 9,
          "line": 5
        }
      },
      "target": "file:///usr/include/fontconfig/fontconfig.h"
    },
    {
      "range": {
        "end": {
          "character": 19,
          "line": 6
        },
        "start": {
          "character": 9,
          "line": 6
        }
      },
      "target": "file:///usr/include/signal.h"
    },
    {
      "range": {
        "end": {
          "character": 20,
          "line": 7
        },
        "start": {
          "character": 9,
          "line": 7
        }
      },
      "target": "file:///usr/lib/llvm-19/lib/clang/19/include/stdbool.h"
    },
    {
      "range": {
        "end": {
          "character": 18,
          "line": 8
        },
        "start": {
          "character": 9,
          "line": 8
        }
      },
      "target": "file:///usr/include/stdio.h"
    },
    {
      "range": {
        "end": {
          "character": 19,
          "line": 9
        },
        "start": {
          "character": 9,
          "line": 9
        }
      },
      "target": "file:///usr/include/stdlib.h"
    },
    {
      "range": {
        "end": {
          "character": 19,
          "line": 10
        },
        "start": {
          "character": 9,
          "line": 10
        }
      },
      "target": "file:///usr/include/unistd.h"
    },
    {
      "range": {
        "end": {
          "character": 20,
          "line": 12
        },
        "start": {
          "character": 9,
          "line": 12
        }
      },
      "target": "file:///home/taba1uga/Github/open_source_ebook_reader/package/ebook_reader/src/app/app.h"
    },
    {
      "range": {
        "end": {
          "character": 22,
          "line": 13
        },
        "start": {
          "character": 9,
          "line": 13
        }
      },
      "target": "file:///home/taba1uga/Github/open_source_ebook_reader/package/ebook_reader/src/utils/err.h"
    },
    {
      "range": {
        "end": {
          "character": 22,
          "line": 14
        },
        "start": {
          "character": 9,
          "line": 14
        }
      },
      "target": "file:///home/taba1uga/Github/open_source_ebook_reader/package/ebook_reader/src/utils/log.h"
    }
  ]
}

V[21:10:22.881] <<< {
  "id": 3988,
  "jsonrpc": "2.0",
  "method": "textDocument/codeAction",
  "params": {
    "context": {
      "diagnostics": [
        {
          "code": "typecheck_decl_incomplete_type",
          "message": "Variable has incomplete type 'struct sigaction'",
          "range": {
            "end": {
              "character": 21,
              "line": 73
            },
            "start": {
              "character": 19,
              "line": 73
            }
          },
          "relatedInformation": [
            {
              "location": {
                "range": {
                  "end": {
                    "character": 18,
                    "line": 73
                  },
                  "start": {
                    "character": 9,
                    "line": 73
                  }
                },
                "uri": "file:///home/taba1uga/Github/open_source_ebook_reader/package/ebook_reader/src/main.c"
              },
              "message": "Forward declaration of 'struct sigaction'"
            }
          ],
          "severity": 1,
          "source": "clang"
        }
      ]
    },
    "range": {
      "end": {
        "character": 21,
        "line": 73
      },
      "start": {
        "character": 0,
        "line": 73
      }
    },
    "textDocument": {
      "uri": "file:///home/taba1uga/Github/open_source_ebook_reader/package/ebook_reader/src/main.c"
    }
  }
}

I[21:10:22.881] <-- textDocument/codeAction(3988)
V[21:10:22.882] ASTWorker running codeAction on version 0 of /home/taba1uga/Github/open_source_ebook_reader/package/ebook_reader/src/main.c
I[21:10:22.882] --> reply:textDocument/codeAction(3988) 0 ms
V[21:10:22.882] >>> {
  "id": 3988,
  "jsonrpc": "2.0",
  "result": []
}

V[21:10:24.196] <<< {
  "id": 3989,
  "jsonrpc": "2.0",
  "method": "textDocument/codeAction",
  "params": {
    "context": {
      "diagnostics": []
    },
    "range": {
      "end": {
        "character": 0,
        "line": 93
      },
      "start": {
        "character": 0,
        "line": 93
      }
    },
    "textDocument": {
      "uri": "file:///home/taba1uga/Github/open_source_ebook_reader/package/ebook_reader/src/main.c"
    }
  }
}

I[21:10:24.196] <-- textDocument/codeAction(3989)
V[21:10:24.196] <<< {
  "id": 3990,
  "jsonrpc": "2.0",
  "method": "textDocument/documentLink",
  "params": {
    "textDocument": {
      "uri": "file:///home/taba1uga/Github/open_source_ebook_reader/package/ebook_reader/src/main.c"
    }
  }
}

I[21:10:24.196] <-- textDocument/documentLink(3990)
V[21:10:24.196] ASTWorker running codeAction on version 0 of /home/taba1uga/Github/open_source_ebook_reader/package/ebook_reader/src/main.c
V[21:10:24.196] <<< {
  "id": 3991,
  "jsonrpc": "2.0",
  "method": "textDocument/documentHighlight",
  "params": {
    "position": {
      "character": 0,
      "line": 93
    },
    "textDocument": {
      "uri": "file:///home/taba1uga/Github/open_source_ebook_reader/package/ebook_reader/src/main.c"
    }
  }
}

I[21:10:24.197] <-- textDocument/documentHighlight(3991)
I[21:10:24.197] --> reply:textDocument/codeAction(3989) 0 ms
V[21:10:24.197] >>> {
  "id": 3989,
  "jsonrpc": "2.0",
  "result": []
}

V[21:10:24.197] ASTWorker running DocumentLinks on version 0 of /home/taba1uga/Github/open_source_ebook_reader/package/ebook_reader/src/main.c
I[21:10:24.197] --> reply:textDocument/documentLink(3990) 0 ms
V[21:10:24.197] >>> {
  "id": 3990,
  "jsonrpc": "2.0",
  "result": [
    {
      "range": {
        "end": {
          "character": 34,
          "line": 5
        },
        "start": {
          "character": 9,
          "line": 5
        }
      },
      "target": "file:///usr/include/fontconfig/fontconfig.h"
    },
    {
      "range": {
        "end": {
          "character": 19,
          "line": 6
        },
        "start": {
          "character": 9,
          "line": 6
        }
      },
      "target": "file:///usr/include/signal.h"
    },
    {
      "range": {
        "end": {
          "character": 20,
          "line": 7
        },
        "start": {
          "character": 9,
          "line": 7
        }
      },
      "target": "file:///usr/lib/llvm-19/lib/clang/19/include/stdbool.h"
    },
    {
      "range": {
        "end": {
          "character": 18,
          "line": 8
        },
        "start": {
          "character": 9,
          "line": 8
        }
      },
      "target": "file:///usr/include/stdio.h"
    },
    {
      "range": {
        "end": {
          "character": 19,
          "line": 9
        },
        "start": {
          "character": 9,
          "line": 9
        }
      },
      "target": "file:///usr/include/stdlib.h"
    },
    {
      "range": {
        "end": {
          "character": 19,
          "line": 10
        },
        "start": {
          "character": 9,
          "line": 10
        }
      },
      "target": "file:///usr/include/unistd.h"
    },
    {
      "range": {
        "end": {
          "character": 20,
          "line": 12
        },
        "start": {
          "character": 9,
          "line": 12
        }
      },
      "target": "file:///home/taba1uga/Github/open_source_ebook_reader/package/ebook_reader/src/app/app.h"
    },
    {
      "range": {
        "end": {
          "character": 22,
          "line": 13
        },
        "start": {
          "character": 9,
          "line": 13
        }
      },
      "target": "file:///home/taba1uga/Github/open_source_ebook_reader/package/ebook_reader/src/utils/err.h"
    },
    {
      "range": {
        "end": {
          "character": 22,
          "line": 14
        },
        "start": {
          "character": 9,
          "line": 14
        }
      },
      "target": "file:///home/taba1uga/Github/open_source_ebook_reader/package/ebook_reader/src/utils/log.h"
    }
  ]
}

V[21:10:24.197] ASTWorker running Highlights on version 0 of /home/taba1uga/Github/open_source_ebook_reader/package/ebook_reader/src/main.c
I[21:10:24.197] --> reply:textDocument/documentHighlight(3991) 0 ms
V[21:10:24.197] >>> {
  "id": 3991,
  "jsonrpc": "2.0",
  "result": []
}

V[21:10:24.296] <<< {
  "id": 3992,
  "jsonrpc": "2.0",
  "method": "textDocument/codeAction",
  "params": {
    "context": {
      "diagnostics": []
    },
    "range": {
      "end": {
        "character": 0,
        "line": 93
      },
      "start": {
        "character": 0,
        "line": 93
      }
    },
    "textDocument": {
      "uri": "file:///home/taba1uga/Github/open_source_ebook_reader/package/ebook_reader/src/main.c"
    }
  }
}

I[21:10:24.296] <-- textDocument/codeAction(3992)
V[21:10:24.297] ASTWorker running codeAction on version 0 of /home/taba1uga/Github/open_source_ebook_reader/package/ebook_reader/src/main.c
I[21:10:24.297] --> reply:textDocument/codeAction(3992) 0 ms
V[21:10:24.297] >>> {
  "id": 3992,
  "jsonrpc": "2.0",
  "result": []
}

V[21:10:24.596] <<< {
  "id": 3993,
  "jsonrpc": "2.0",
  "method": "textDocument/hover",
  "params": {
    "position": {
      "character": 0,
      "line": 93
    },
    "textDocument": {
      "uri": "file:///home/taba1uga/Github/open_source_ebook_reader/package/ebook_reader/src/main.c"
    }
  }
}

I[21:10:24.597] <-- textDocument/hover(3993)
V[21:10:24.597] ASTWorker running Hover on version 0 of /home/taba1uga/Github/open_source_ebook_reader/package/ebook_reader/src/main.c
I[21:10:24.597] --> reply:textDocument/hover(3993) 0 ms
V[21:10:24.597] >>> {
  "id": 3993,
  "jsonrpc": "2.0",
  "result": null
}

V[21:10:29.684] <<< {
  "id": 3994,
  "jsonrpc": "2.0",
  "method": "textDocument/codeAction",
  "params": {
    "context": {
      "diagnostics": []
    },
    "range": {
      "end": {
        "character": 0,
        "line": 92
      },
      "start": {
        "character": 0,
        "line": 92
      }
    },
    "textDocument": {
      "uri": "file:///home/taba1uga/Github/open_source_ebook_reader/package/ebook_reader/src/main.c"
    }
  }
}

I[21:10:29.684] <-- textDocument/codeAction(3994)
V[21:10:29.684] <<< {
  "id": 3995,
  "jsonrpc": "2.0",
  "method": "textDocument/documentLink",
  "params": {
    "textDocument": {
      "uri": "file:///home/taba1uga/Github/open_source_ebook_reader/package/ebook_reader/src/main.c"
    }
  }
}

I[21:10:29.684] <-- textDocument/documentLink(3995)
V[21:10:29.684] ASTWorker running codeAction on version 0 of /home/taba1uga/Github/open_source_ebook_reader/package/ebook_reader/src/main.c
I[21:10:29.684] --> reply:textDocument/codeAction(3994) 0 ms
V[21:10:29.684] >>> {
  "id": 3994,
  "jsonrpc": "2.0",
  "result": []
}

V[21:10:29.684] ASTWorker running DocumentLinks on version 0 of /home/taba1uga/Github/open_source_ebook_reader/package/ebook_reader/src/main.c
I[21:10:29.684] --> reply:textDocument/documentLink(3995) 0 ms
V[21:10:29.684] >>> {
  "id": 3995,
  "jsonrpc": "2.0",
  "result": [
    {
      "range": {
        "end": {
          "character": 34,
          "line": 5
        },
        "start": {
          "character": 9,
          "line": 5
        }
      },
      "target": "file:///usr/include/fontconfig/fontconfig.h"
    },
    {
      "range": {
        "end": {
          "character": 19,
          "line": 6
        },
        "start": {
          "character": 9,
          "line": 6
        }
      },
      "target": "file:///usr/include/signal.h"
    },
    {
      "range": {
        "end": {
          "character": 20,
          "line": 7
        },
        "start": {
          "character": 9,
          "line": 7
        }
      },
      "target": "file:///usr/lib/llvm-19/lib/clang/19/include/stdbool.h"
    },
    {
      "range": {
        "end": {
          "character": 18,
          "line": 8
        },
        "start": {
          "character": 9,
          "line": 8
        }
      },
      "target": "file:///usr/include/stdio.h"
    },
    {
      "range": {
        "end": {
          "character": 19,
          "line": 9
        },
        "start": {
          "character": 9,
          "line": 9
        }
      },
      "target": "file:///usr/include/stdlib.h"
    },
    {
      "range": {
        "end": {
          "character": 19,
          "line": 10
        },
        "start": {
          "character": 9,
          "line": 10
        }
      },
      "target": "file:///usr/include/unistd.h"
    },
    {
      "range": {
        "end": {
          "character": 20,
          "line": 12
        },
        "start": {
          "character": 9,
          "line": 12
        }
      },
      "target": "file:///home/taba1uga/Github/open_source_ebook_reader/package/ebook_reader/src/app/app.h"
    },
    {
      "range": {
        "end": {
          "character": 22,
          "line": 13
        },
        "start": {
          "character": 9,
          "line": 13
        }
      },
      "target": "file:///home/taba1uga/Github/open_source_ebook_reader/package/ebook_reader/src/utils/err.h"
    },
    {
      "range": {
        "end": {
          "character": 22,
          "line": 14
        },
        "start": {
          "character": 9,
          "line": 14
        }
      },
      "target": "file:///home/taba1uga/Github/open_source_ebook_reader/package/ebook_reader/src/utils/log.h"
    }
  ]
}

V[21:10:29.784] <<< {
  "id": 3996,
  "jsonrpc": "2.0",
  "method": "textDocument/codeAction",
  "params": {
    "context": {
      "diagnostics": []
    },
    "range": {
      "end": {
        "character": 0,
        "line": 92
      },
      "start": {
        "character": 0,
        "line": 92
      }
    },
    "textDocument": {
      "uri": "file:///home/taba1uga/Github/open_source_ebook_reader/package/ebook_reader/src/main.c"
    }
  }
}

I[21:10:29.784] <-- textDocument/codeAction(3996)
V[21:10:29.784] ASTWorker running codeAction on version 0 of /home/taba1uga/Github/open_source_ebook_reader/package/ebook_reader/src/main.c
I[21:10:29.784] --> reply:textDocument/codeAction(3996) 0 ms
V[21:10:29.784] >>> {
  "id": 3996,
  "jsonrpc": "2.0",
  "result": []
}

V[21:10:30.464] <<< {
  "id": 3997,
  "jsonrpc": "2.0",
  "method": "textDocument/codeAction",
  "params": {
    "context": {
      "diagnostics": []
    },
    "range": {
      "end": {
        "character": 0,
        "line": 88
      },
      "start": {
        "character": 0,
        "line": 88
      }
    },
    "textDocument": {
      "uri": "file:///home/taba1uga/Github/open_source_ebook_reader/package/ebook_reader/src/main.c"
    }
  }
}

I[21:10:30.464] <-- textDocument/codeAction(3997)
V[21:10:30.464] <<< {
  "id": 3998,
  "jsonrpc": "2.0",
  "method": "textDocument/documentLink",
  "params": {
    "textDocument": {
      "uri": "file:///home/taba1uga/Github/open_source_ebook_reader/package/ebook_reader/src/main.c"
    }
  }
}

I[21:10:30.464] <-- textDocument/documentLink(3998)
V[21:10:30.464] ASTWorker running codeAction on version 0 of /home/taba1uga/Github/open_source_ebook_reader/package/ebook_reader/src/main.c
I[21:10:30.464] --> reply:textDocument/codeAction(3997) 0 ms
V[21:10:30.464] >>> {
  "id": 3997,
  "jsonrpc": "2.0",
  "result": []
}

V[21:10:30.464] ASTWorker running DocumentLinks on version 0 of /home/taba1uga/Github/open_source_ebook_reader/package/ebook_reader/src/main.c
I[21:10:30.464] --> reply:textDocument/documentLink(3998) 0 ms
V[21:10:30.464] >>> {
  "id": 3998,
  "jsonrpc": "2.0",
  "result": [
    {
      "range": {
        "end": {
          "character": 34,
          "line": 5
        },
        "start": {
          "character": 9,
          "line": 5
        }
      },
      "target": "file:///usr/include/fontconfig/fontconfig.h"
    },
    {
      "range": {
        "end": {
          "character": 19,
          "line": 6
        },
        "start": {
          "character": 9,
          "line": 6
        }
      },
      "target": "file:///usr/include/signal.h"
    },
    {
      "range": {
        "end": {
          "character": 20,
          "line": 7
        },
        "start": {
          "character": 9,
          "line": 7
        }
      },
      "target": "file:///usr/lib/llvm-19/lib/clang/19/include/stdbool.h"
    },
    {
      "range": {
        "end": {
          "character": 18,
          "line": 8
        },
        "start": {
          "character": 9,
          "line": 8
        }
      },
      "target": "file:///usr/include/stdio.h"
    },
    {
      "range": {
        "end": {
          "character": 19,
          "line": 9
        },
        "start": {
          "character": 9,
          "line": 9
        }
      },
      "target": "file:///usr/include/stdlib.h"
    },
    {
      "range": {
        "end": {
          "character": 19,
          "line": 10
        },
        "start": {
          "character": 9,
          "line": 10
        }
      },
      "target": "file:///usr/include/unistd.h"
    },
    {
      "range": {
        "end": {
          "character": 20,
          "line": 12
        },
        "start": {
          "character": 9,
          "line": 12
        }
      },
      "target": "file:///home/taba1uga/Github/open_source_ebook_reader/package/ebook_reader/src/app/app.h"
    },
    {
      "range": {
        "end": {
          "character": 22,
          "line": 13
        },
        "start": {
          "character": 9,
          "line": 13
        }
      },
      "target": "file:///home/taba1uga/Github/open_source_ebook_reader/package/ebook_reader/src/utils/err.h"
    },
    {
      "range": {
        "end": {
          "character": 22,
          "line": 14
        },
        "start": {
          "character": 9,
          "line": 14
        }
      },
      "target": "file:///home/taba1uga/Github/open_source_ebook_reader/package/ebook_reader/src/utils/log.h"
    }
  ]
}

V[21:10:30.564] <<< {
  "id": 3999,
  "jsonrpc": "2.0",
  "method": "textDocument/codeAction",
  "params": {
    "context": {
      "diagnostics": [
        {
          "code": "typecheck_indirection_requires_pointer",
          "message": "Indirection requires pointer operand ('int' invalid)",
          "range": {
            "end": {
              "character": 28,
              "line": 88
            },
            "start": {
              "character": 23,
              "line": 88
            }
          },
          "relatedInformation": [],
          "severity": 1,
          "source": "clang"
        }
      ]
    },
    "range": {
      "end": {
        "character": 28,
        "line": 88
      },
      "start": {
        "character": 0,
        "line": 88
      }
    },
    "textDocument": {
      "uri": "file:///home/taba1uga/Github/open_source_ebook_reader/package/ebook_reader/src/main.c"
    }
  }
}

I[21:10:30.564] <-- textDocument/codeAction(3999)
V[21:10:30.564] ASTWorker running codeAction on version 0 of /home/taba1uga/Github/open_source_ebook_reader/package/ebook_reader/src/main.c
I[21:10:30.564] --> reply:textDocument/codeAction(3999) 0 ms
V[21:10:30.565] >>> {
  "id": 3999,
  "jsonrpc": "2.0",
  "result": []
}

V[21:10:30.761] <<< {
  "id": 4000,
  "jsonrpc": "2.0",
  "method": "textDocument/codeAction",
  "params": {
    "context": {
      "diagnostics": []
    },
    "range": {
      "end": {
        "character": 0,
        "line": 87
      },
      "start": {
        "character": 0,
        "line": 87
      }
    },
    "textDocument": {
      "uri": "file:///home/taba1uga/Github/open_source_ebook_reader/package/ebook_reader/src/main.c"
    }
  }
}

I[21:10:30.761] <-- textDocument/codeAction(4000)
V[21:10:30.762] <<< {
  "id": 4001,
  "jsonrpc": "2.0",
  "method": "textDocument/documentLink",
  "params": {
    "textDocument": {
      "uri": "file:///home/taba1uga/Github/open_source_ebook_reader/package/ebook_reader/src/main.c"
    }
  }
}

I[21:10:30.762] <-- textDocument/documentLink(4001)
V[21:10:30.762] ASTWorker running codeAction on version 0 of /home/taba1uga/Github/open_source_ebook_reader/package/ebook_reader/src/main.c
I[21:10:30.762] --> reply:textDocument/codeAction(4000) 0 ms
V[21:10:30.762] >>> {
  "id": 4000,
  "jsonrpc": "2.0",
  "result": []
}

V[21:10:30.762] ASTWorker running DocumentLinks on version 0 of /home/taba1uga/Github/open_source_ebook_reader/package/ebook_reader/src/main.c
I[21:10:30.762] --> reply:textDocument/documentLink(4001) 0 ms
V[21:10:30.762] >>> {
  "id": 4001,
  "jsonrpc": "2.0",
  "result": [
    {
      "range": {
        "end": {
          "character": 34,
          "line": 5
        },
        "start": {
          "character": 9,
          "line": 5
        }
      },
      "target": "file:///usr/include/fontconfig/fontconfig.h"
    },
    {
      "range": {
        "end": {
          "character": 19,
          "line": 6
        },
        "start": {
          "character": 9,
          "line": 6
        }
      },
      "target": "file:///usr/include/signal.h"
    },
    {
      "range": {
        "end": {
          "character": 20,
          "line": 7
        },
        "start": {
          "character": 9,
          "line": 7
        }
      },
      "target": "file:///usr/lib/llvm-19/lib/clang/19/include/stdbool.h"
    },
    {
      "range": {
        "end": {
          "character": 18,
          "line": 8
        },
        "start": {
          "character": 9,
          "line": 8
        }
      },
      "target": "file:///usr/include/stdio.h"
    },
    {
      "range": {
        "end": {
          "character": 19,
          "line": 9
        },
        "start": {
          "character": 9,
          "line": 9
        }
      },
      "target": "file:///usr/include/stdlib.h"
    },
    {
      "range": {
        "end": {
          "character": 19,
          "line": 10
        },
        "start": {
          "character": 9,
          "line": 10
        }
      },
      "target": "file:///usr/include/unistd.h"
    },
    {
      "range": {
        "end": {
          "character": 20,
          "line": 12
        },
        "start": {
          "character": 9,
          "line": 12
        }
      },
      "target": "file:///home/taba1uga/Github/open_source_ebook_reader/package/ebook_reader/src/app/app.h"
    },
    {
      "range": {
        "end": {
          "character": 22,
          "line": 13
        },
        "start": {
          "character": 9,
          "line": 13
        }
      },
      "target": "file:///home/taba1uga/Github/open_source_ebook_reader/package/ebook_reader/src/utils/err.h"
    },
    {
      "range": {
        "end": {
          "character": 22,
          "line": 14
        },
        "start": {
          "character": 9,
          "line": 14
        }
      },
      "target": "file:///home/taba1uga/Github/open_source_ebook_reader/package/ebook_reader/src/utils/log.h"
    }
  ]
}

V[21:10:30.954] <<< {
  "id": 4002,
  "jsonrpc": "2.0",
  "method": "textDocument/codeAction",
  "params": {
    "context": {
      "diagnostics": []
    },
    "range": {
      "end": {
        "character": 0,
        "line": 86
      },
      "start": {
        "character": 0,
        "line": 86
      }
    },
    "textDocument": {
      "uri": "file:///home/taba1uga/Github/open_source_ebook_reader/package/ebook_reader/src/main.c"
    }
  }
}

I[21:10:30.955] <-- textDocument/codeAction(4002)
V[21:10:30.955] <<< {
  "id": 4003,
  "jsonrpc": "2.0",
  "method": "textDocument/documentLink",
  "params": {
    "textDocument": {
      "uri": "file:///home/taba1uga/Github/open_source_ebook_reader/package/ebook_reader/src/main.c"
    }
  }
}

I[21:10:30.955] <-- textDocument/documentLink(4003)
V[21:10:30.955] ASTWorker running codeAction on version 0 of /home/taba1uga/Github/open_source_ebook_reader/package/ebook_reader/src/main.c
I[21:10:30.955] --> reply:textDocument/codeAction(4002) 0 ms
V[21:10:30.955] >>> {
  "id": 4002,
  "jsonrpc": "2.0",
  "result": []
}

V[21:10:30.955] ASTWorker running DocumentLinks on version 0 of /home/taba1uga/Github/open_source_ebook_reader/package/ebook_reader/src/main.c
I[21:10:30.955] --> reply:textDocument/documentLink(4003) 0 ms
V[21:10:30.955] >>> {
  "id": 4003,
  "jsonrpc": "2.0",
  "result": [
    {
      "range": {
        "end": {
          "character": 34,
          "line": 5
        },
        "start": {
          "character": 9,
          "line": 5
        }
      },
      "target": "file:///usr/include/fontconfig/fontconfig.h"
    },
    {
      "range": {
        "end": {
          "character": 19,
          "line": 6
        },
        "start": {
          "character": 9,
          "line": 6
        }
      },
      "target": "file:///usr/include/signal.h"
    },
    {
      "range": {
        "end": {
          "character": 20,
          "line": 7
        },
        "start": {
          "character": 9,
          "line": 7
        }
      },
      "target": "file:///usr/lib/llvm-19/lib/clang/19/include/stdbool.h"
    },
    {
      "range": {
        "end": {
          "character": 18,
          "line": 8
        },
        "start": {
          "character": 9,
          "line": 8
        }
      },
      "target": "file:///usr/include/stdio.h"
    },
    {
      "range": {
        "end": {
          "character": 19,
          "line": 9
        },
        "start": {
          "character": 9,
          "line": 9
        }
      },
      "target": "file:///usr/include/stdlib.h"
    },
    {
      "range": {
        "end": {
          "character": 19,
          "line": 10
        },
        "start": {
          "character": 9,
          "line": 10
        }
      },
      "target": "file:///usr/include/unistd.h"
    },
    {
      "range": {
        "end": {
          "character": 20,
          "line": 12
        },
        "start": {
          "character": 9,
          "line": 12
        }
      },
      "target": "file:///home/taba1uga/Github/open_source_ebook_reader/package/ebook_reader/src/app/app.h"
    },
    {
      "range": {
        "end": {
          "character": 22,
          "line": 13
        },
        "start": {
          "character": 9,
          "line": 13
        }
      },
      "target": "file:///home/taba1uga/Github/open_source_ebook_reader/package/ebook_reader/src/utils/err.h"
    },
    {
      "range": {
        "end": {
          "character": 22,
          "line": 14
        },
        "start": {
          "character": 9,
          "line": 14
        }
      },
      "target": "file:///home/taba1uga/Github/open_source_ebook_reader/package/ebook_reader/src/utils/log.h"
    }
  ]
}

V[21:10:31.054] <<< {
  "id": 4004,
  "jsonrpc": "2.0",
  "method": "textDocument/codeAction",
  "params": {
    "context": {
      "diagnostics": []
    },
    "range": {
      "end": {
        "character": 0,
        "line": 86
      },
      "start": {
        "character": 0,
        "line": 86
      }
    },
    "textDocument": {
      "uri": "file:///home/taba1uga/Github/open_source_ebook_reader/package/ebook_reader/src/main.c"
    }
  }
}

I[21:10:31.054] <-- textDocument/codeAction(4004)
V[21:10:31.055] ASTWorker running codeAction on version 0 of /home/taba1uga/Github/open_source_ebook_reader/package/ebook_reader/src/main.c
I[21:10:31.055] --> reply:textDocument/codeAction(4004) 0 ms
V[21:10:31.055] >>> {
  "id": 4004,
  "jsonrpc": "2.0",
  "result": []
}

V[21:10:31.376] <<< {
  "id": 4005,
  "jsonrpc": "2.0",
  "method": "textDocument/codeAction",
  "params": {
    "context": {
      "diagnostics": []
    },
    "range": {
      "end": {
        "character": 0,
        "line": 87
      },
      "start": {
        "character": 0,
        "line": 87
      }
    },
    "textDocument": {
      "uri": "file:///home/taba1uga/Github/open_source_ebook_reader/package/ebook_reader/src/main.c"
    }
  }
}

I[21:10:31.376] <-- textDocument/codeAction(4005)
V[21:10:31.376] <<< {
  "id": 4006,
  "jsonrpc": "2.0",
  "method": "textDocument/documentLink",
  "params": {
    "textDocument": {
      "uri": "file:///home/taba1uga/Github/open_source_ebook_reader/package/ebook_reader/src/main.c"
    }
  }
}

I[21:10:31.376] <-- textDocument/documentLink(4006)
V[21:10:31.377] ASTWorker running codeAction on version 0 of /home/taba1uga/Github/open_source_ebook_reader/package/ebook_reader/src/main.c
I[21:10:31.377] --> reply:textDocument/codeAction(4005) 0 ms
V[21:10:31.377] >>> {
  "id": 4005,
  "jsonrpc": "2.0",
  "result": []
}

V[21:10:31.377] ASTWorker running DocumentLinks on version 0 of /home/taba1uga/Github/open_source_ebook_reader/package/ebook_reader/src/main.c
I[21:10:31.377] --> reply:textDocument/documentLink(4006) 0 ms
V[21:10:31.377] >>> {
  "id": 4006,
  "jsonrpc": "2.0",
  "result": [
    {
      "range": {
        "end": {
          "character": 34,
          "line": 5
        },
        "start": {
          "character": 9,
          "line": 5
        }
      },
      "target": "file:///usr/include/fontconfig/fontconfig.h"
    },
    {
      "range": {
        "end": {
          "character": 19,
          "line": 6
        },
        "start": {
          "character": 9,
          "line": 6
        }
      },
      "target": "file:///usr/include/signal.h"
    },
    {
      "range": {
        "end": {
          "character": 20,
          "line": 7
        },
        "start": {
          "character": 9,
          "line": 7
        }
      },
      "target": "file:///usr/lib/llvm-19/lib/clang/19/include/stdbool.h"
    },
    {
      "range": {
        "end": {
          "character": 18,
          "line": 8
        },
        "start": {
          "character": 9,
          "line": 8
        }
      },
      "target": "file:///usr/include/stdio.h"
    },
    {
      "range": {
        "end": {
          "character": 19,
          "line": 9
        },
        "start": {
          "character": 9,
          "line": 9
        }
      },
      "target": "file:///usr/include/stdlib.h"
    },
    {
      "range": {
        "end": {
          "character": 19,
          "line": 10
        },
        "start": {
          "character": 9,
          "line": 10
        }
      },
      "target": "file:///usr/include/unistd.h"
    },
    {
      "range": {
        "end": {
          "character": 20,
          "line": 12
        },
        "start": {
          "character": 9,
          "line": 12
        }
      },
      "target": "file:///home/taba1uga/Github/open_source_ebook_reader/package/ebook_reader/src/app/app.h"
    },
    {
      "range": {
        "end": {
          "character": 22,
          "line": 13
        },
        "start": {
          "character": 9,
          "line": 13
        }
      },
      "target": "file:///home/taba1uga/Github/open_source_ebook_reader/package/ebook_reader/src/utils/err.h"
    },
    {
      "range": {
        "end": {
          "character": 22,
          "line": 14
        },
        "start": {
          "character": 9,
          "line": 14
        }
      },
      "target": "file:///home/taba1uga/Github/open_source_ebook_reader/package/ebook_reader/src/utils/log.h"
    }
  ]
}

V[21:10:31.477] <<< {
  "id": 4007,
  "jsonrpc": "2.0",
  "method": "textDocument/codeAction",
  "params": {
    "context": {
      "diagnostics": [
        {
          "code": "-Wimplicit-function-declaration",
          "message": "Call to undeclared function 'atexit'; ISO C99 and later do not support implicit function declarations (fix available)",
          "range": {
            "end": {
              "character": 12,
              "line": 87
            },
            "start": {
              "character": 6,
              "line": 87
            }
          },
          "relatedInformation": [
            {
              "location": {
                "range": {
                  "end": {
                    "character": 12,
                    "line": 87
                  },
                  "start": {
                    "character": 6,
                    "line": 87
                  }
                },
                "uri": "file:///home/taba1uga/Github/open_source_ebook_reader/package/ebook_reader/src/main.c"
              },
              "message": "Did you mean '_exit'?"
            }
          ],
          "severity": 1,
          "source": "clang"
        }
      ]
    },
    "range": {
      "end": {
        "character": 12,
        "line": 87
      },
      "start": {
        "character": 0,
        "line": 87
      }
    },
    "textDocument": {
      "uri": "file:///home/taba1uga/Github/open_source_ebook_reader/package/ebook_reader/src/main.c"
    }
  }
}

I[21:10:31.477] <-- textDocument/codeAction(4007)
V[21:10:31.477] ASTWorker running codeAction on version 0 of /home/taba1uga/Github/open_source_ebook_reader/package/ebook_reader/src/main.c
I[21:10:31.477] --> reply:textDocument/codeAction(4007) 0 ms
V[21:10:31.478] >>> {
  "id": 4007,
  "jsonrpc": "2.0",
  "result": [
    {
      "diagnostics": [
        {
          "code": "-Wimplicit-function-declaration",
          "message": "Call to undeclared function 'atexit'; ISO C99 and later do not support implicit function declarations (fix available)",
          "range": {
            "end": {
              "character": 12,
              "line": 87
            },
            "start": {
              "character": 6,
              "line": 87
            }
          },
          "severity": 1,
          "source": "clang"
        }
      ],
      "edit": {
        "documentChanges": [
          {
            "edits": [
              {
                "newText": "_exit",
                "range": {
                  "end": {
                    "character": 12,
                    "line": 87
                  },
                  "start": {
                    "character": 6,
                    "line": 87
                  }
                }
              }
            ],
            "textDocument": {
              "uri": "file:///home/taba1uga/Github/open_source_ebook_reader/package/ebook_reader/src/main.c",
              "version": 0
            }
          }
        ]
      },
      "isPreferred": true,
      "kind": "quickfix",
      "title": "'_exit' declared here"
    }
  ]
}

V[21:10:31.614] <<< {
  "id": 4008,
  "jsonrpc": "2.0",
  "method": "textDocument/codeAction",
  "params": {
    "context": {
      "diagnostics": []
    },
    "range": {
      "end": {
        "character": 3,
        "line": 86
      },
      "start": {
        "character": 3,
        "line": 86
      }
    },
    "textDocument": {
      "uri": "file:///home/taba1uga/Github/open_source_ebook_reader/package/ebook_reader/src/main.c"
    }
  }
}

I[21:10:31.614] <-- textDocument/codeAction(4008)
V[21:10:31.614] <<< {
  "id": 4009,
  "jsonrpc": "2.0",
  "method": "textDocument/documentLink",
  "params": {
    "textDocument": {
      "uri": "file:///home/taba1uga/Github/open_source_ebook_reader/package/ebook_reader/src/main.c"
    }
  }
}

I[21:10:31.614] <-- textDocument/documentLink(4009)
V[21:10:31.614] ASTWorker running codeAction on version 0 of /home/taba1uga/Github/open_source_ebook_reader/package/ebook_reader/src/main.c
I[21:10:31.614] --> reply:textDocument/codeAction(4008) 0 ms
V[21:10:31.614] >>> {
  "id": 4008,
  "jsonrpc": "2.0",
  "result": []
}

V[21:10:31.614] ASTWorker running DocumentLinks on version 0 of /home/taba1uga/Github/open_source_ebook_reader/package/ebook_reader/src/main.c
I[21:10:31.614] --> reply:textDocument/documentLink(4009) 0 ms
V[21:10:31.614] >>> {
  "id": 4009,
  "jsonrpc": "2.0",
  "result": [
    {
      "range": {
        "end": {
          "character": 34,
          "line": 5
        },
        "start": {
          "character": 9,
          "line": 5
        }
      },
      "target": "file:///usr/include/fontconfig/fontconfig.h"
    },
    {
      "range": {
        "end": {
          "character": 19,
          "line": 6
        },
        "start": {
          "character": 9,
          "line": 6
        }
      },
      "target": "file:///usr/include/signal.h"
    },
    {
      "range": {
        "end": {
          "character": 20,
          "line": 7
        },
        "start": {
          "character": 9,
          "line": 7
        }
      },
      "target": "file:///usr/lib/llvm-19/lib/clang/19/include/stdbool.h"
    },
    {
      "range": {
        "end": {
          "character": 18,
          "line": 8
        },
        "start": {
          "character": 9,
          "line": 8
        }
      },
      "target": "file:///usr/include/stdio.h"
    },
    {
      "range": {
        "end": {
          "character": 19,
          "line": 9
        },
        "start": {
          "character": 9,
          "line": 9
        }
      },
      "target": "file:///usr/include/stdlib.h"
    },
    {
      "range": {
        "end": {
          "character": 19,
          "line": 10
        },
        "start": {
          "character": 9,
          "line": 10
        }
      },
      "target": "file:///usr/include/unistd.h"
    },
    {
      "range": {
        "end": {
          "character": 20,
          "line": 12
        },
        "start": {
          "character": 9,
          "line": 12
        }
      },
      "target": "file:///home/taba1uga/Github/open_source_ebook_reader/package/ebook_reader/src/app/app.h"
    },
    {
      "range": {
        "end": {
          "character": 22,
          "line": 13
        },
        "start": {
          "character": 9,
          "line": 13
        }
      },
      "target": "file:///home/taba1uga/Github/open_source_ebook_reader/package/ebook_reader/src/utils/err.h"
    },
    {
      "range": {
        "end": {
          "character": 22,
          "line": 14
        },
        "start": {
          "character": 9,
          "line": 14
        }
      },
      "target": "file:///home/taba1uga/Github/open_source_ebook_reader/package/ebook_reader/src/utils/log.h"
    }
  ]
}

V[21:10:31.714] <<< {
  "id": 4010,
  "jsonrpc": "2.0",
  "method": "textDocument/codeAction",
  "params": {
    "context": {
      "diagnostics": []
    },
    "range": {
      "end": {
        "character": 3,
        "line": 86
      },
      "start": {
        "character": 3,
        "line": 86
      }
    },
    "textDocument": {
      "uri": "file:///home/taba1uga/Github/open_source_ebook_reader/package/ebook_reader/src/main.c"
    }
  }
}

I[21:10:31.714] <-- textDocument/codeAction(4010)
V[21:10:31.714] ASTWorker running codeAction on version 0 of /home/taba1uga/Github/open_source_ebook_reader/package/ebook_reader/src/main.c
I[21:10:31.714] --> reply:textDocument/codeAction(4010) 0 ms
V[21:10:31.714] >>> {
  "id": 4010,
  "jsonrpc": "2.0",
  "result": []
}

V[21:10:33.957] <<< {
  "id": 4011,
  "jsonrpc": "2.0",
  "method": "textDocument/codeAction",
  "params": {
    "context": {
      "diagnostics": []
    },
    "range": {
      "end": {
        "character": 3,
        "line": 85
      },
      "start": {
        "character": 3,
        "line": 85
      }
    },
    "textDocument": {
      "uri": "file:///home/taba1uga/Github/open_source_ebook_reader/package/ebook_reader/src/main.c"
    }
  }
}

I[21:10:33.957] <-- textDocument/codeAction(4011)
V[21:10:33.957] <<< {
  "id": 4012,
  "jsonrpc": "2.0",
  "method": "textDocument/documentLink",
  "params": {
    "textDocument": {
      "uri": "file:///home/taba1uga/Github/open_source_ebook_reader/package/ebook_reader/src/main.c"
    }
  }
}

I[21:10:33.957] <-- textDocument/documentLink(4012)
V[21:10:33.958] ASTWorker running codeAction on version 0 of /home/taba1uga/Github/open_source_ebook_reader/package/ebook_reader/src/main.c
I[21:10:33.958] --> reply:textDocument/codeAction(4011) 0 ms
V[21:10:33.958] >>> {
  "id": 4011,
  "jsonrpc": "2.0",
  "result": []
}

V[21:10:33.958] ASTWorker running DocumentLinks on version 0 of /home/taba1uga/Github/open_source_ebook_reader/package/ebook_reader/src/main.c
I[21:10:33.958] --> reply:textDocument/documentLink(4012) 0 ms
V[21:10:33.958] >>> {
  "id": 4012,
  "jsonrpc": "2.0",
  "result": [
    {
      "range": {
        "end": {
          "character": 34,
          "line": 5
        },
        "start": {
          "character": 9,
          "line": 5
        }
      },
      "target": "file:///usr/include/fontconfig/fontconfig.h"
    },
    {
      "range": {
        "end": {
          "character": 19,
          "line": 6
        },
        "start": {
          "character": 9,
          "line": 6
        }
      },
      "target": "file:///usr/include/signal.h"
    },
    {
      "range": {
        "end": {
          "character": 20,
          "line": 7
        },
        "start": {
          "character": 9,
          "line": 7
        }
      },
      "target": "file:///usr/lib/llvm-19/lib/clang/19/include/stdbool.h"
    },
    {
      "range": {
        "end": {
          "character": 18,
          "line": 8
        },
        "start": {
          "character": 9,
          "line": 8
        }
      },
      "target": "file:///usr/include/stdio.h"
    },
    {
      "range": {
        "end": {
          "character": 19,
          "line": 9
        },
        "start": {
          "character": 9,
          "line": 9
        }
      },
      "target": "file:///usr/include/stdlib.h"
    },
    {
      "range": {
        "end": {
          "character": 19,
          "line": 10
        },
        "start": {
          "character": 9,
          "line": 10
        }
      },
      "target": "file:///usr/include/unistd.h"
    },
    {
      "range": {
        "end": {
          "character": 20,
          "line": 12
        },
        "start": {
          "character": 9,
          "line": 12
        }
      },
      "target": "file:///home/taba1uga/Github/open_source_ebook_reader/package/ebook_reader/src/app/app.h"
    },
    {
      "range": {
        "end": {
          "character": 22,
          "line": 13
        },
        "start": {
          "character": 9,
          "line": 13
        }
      },
      "target": "file:///home/taba1uga/Github/open_source_ebook_reader/package/ebook_reader/src/utils/err.h"
    },
    {
      "range": {
        "end": {
          "character": 22,
          "line": 14
        },
        "start": {
          "character": 9,
          "line": 14
        }
      },
      "target": "file:///home/taba1uga/Github/open_source_ebook_reader/package/ebook_reader/src/utils/log.h"
    }
  ]
}

V[21:10:34.057] <<< {
  "id": 4013,
  "jsonrpc": "2.0",
  "method": "textDocument/codeAction",
  "params": {
    "context": {
      "diagnostics": []
    },
    "range": {
      "end": {
        "character": 3,
        "line": 85
      },
      "start": {
        "character": 3,
        "line": 85
      }
    },
    "textDocument": {
      "uri": "file:///home/taba1uga/Github/open_source_ebook_reader/package/ebook_reader/src/main.c"
    }
  }
}

I[21:10:34.057] <-- textDocument/codeAction(4013)
V[21:10:34.057] ASTWorker running codeAction on version 0 of /home/taba1uga/Github/open_source_ebook_reader/package/ebook_reader/src/main.c
I[21:10:34.058] --> reply:textDocument/codeAction(4013) 0 ms
V[21:10:34.058] >>> {
  "id": 4013,
  "jsonrpc": "2.0",
  "result": []
}

V[21:10:35.864] <<< {
  "id": 4014,
  "jsonrpc": "2.0",
  "method": "textDocument/codeAction",
  "params": {
    "context": {
      "diagnostics": []
    },
    "range": {
      "end": {
        "character": 2,
        "line": 53
      },
      "start": {
        "character": 2,
        "line": 53
      }
    },
    "textDocument": {
      "uri": "file:///home/taba1uga/Github/open_source_ebook_reader/package/ebook_reader/src/main.c"
    }
  }
}

I[21:10:35.864] <-- textDocument/codeAction(4014)
V[21:10:35.864] <<< {
  "id": 4015,
  "jsonrpc": "2.0",
  "method": "textDocument/documentLink",
  "params": {
    "textDocument": {
      "uri": "file:///home/taba1uga/Github/open_source_ebook_reader/package/ebook_reader/src/main.c"
    }
  }
}

I[21:10:35.864] <-- textDocument/documentLink(4015)
V[21:10:35.868] ASTWorker running codeAction on version 0 of /home/taba1uga/Github/open_source_ebook_reader/package/ebook_reader/src/main.c
I[21:10:35.868] --> reply:textDocument/codeAction(4014) 4 ms
V[21:10:35.868] >>> {
  "id": 4014,
  "jsonrpc": "2.0",
  "result": []
}

V[21:10:35.868] ASTWorker running DocumentLinks on version 0 of /home/taba1uga/Github/open_source_ebook_reader/package/ebook_reader/src/main.c
I[21:10:35.869] --> reply:textDocument/documentLink(4015) 4 ms
V[21:10:35.869] >>> {
  "id": 4015,
  "jsonrpc": "2.0",
  "result": [
    {
      "range": {
        "end": {
          "character": 34,
          "line": 5
        },
        "start": {
          "character": 9,
          "line": 5
        }
      },
      "target": "file:///usr/include/fontconfig/fontconfig.h"
    },
    {
      "range": {
        "end": {
          "character": 19,
          "line": 6
        },
        "start": {
          "character": 9,
          "line": 6
        }
      },
      "target": "file:///usr/include/signal.h"
    },
    {
      "range": {
        "end": {
          "character": 20,
          "line": 7
        },
        "start": {
          "character": 9,
          "line": 7
        }
      },
      "target": "file:///usr/lib/llvm-19/lib/clang/19/include/stdbool.h"
    },
    {
      "range": {
        "end": {
          "character": 18,
          "line": 8
        },
        "start": {
          "character": 9,
          "line": 8
        }
      },
      "target": "file:///usr/include/stdio.h"
    },
    {
      "range": {
        "end": {
          "character": 19,
          "line": 9
        },
        "start": {
          "character": 9,
          "line": 9
        }
      },
      "target": "file:///usr/include/stdlib.h"
    },
    {
      "range": {
        "end": {
          "character": 19,
          "line": 10
        },
        "start": {
          "character": 9,
          "line": 10
        }
      },
      "target": "file:///usr/include/unistd.h"
    },
    {
      "range": {
        "end": {
          "character": 20,
          "line": 12
        },
        "start": {
          "character": 9,
          "line": 12
        }
      },
      "target": "file:///home/taba1uga/Github/open_source_ebook_reader/package/ebook_reader/src/app/app.h"
    },
    {
      "range": {
        "end": {
          "character": 22,
          "line": 13
        },
        "start": {
          "character": 9,
          "line": 13
        }
      },
      "target": "file:///home/taba1uga/Github/open_source_ebook_reader/package/ebook_reader/src/utils/err.h"
    },
    {
      "range": {
        "end": {
          "character": 22,
          "line": 14
        },
        "start": {
          "character": 9,
          "line": 14
        }
      },
      "target": "file:///home/taba1uga/Github/open_source_ebook_reader/package/ebook_reader/src/utils/log.h"
    }
  ]
}

V[21:10:35.959] <<< {
  "id": 4016,
  "jsonrpc": "2.0",
  "method": "textDocument/codeAction",
  "params": {
    "context": {
      "diagnostics": []
    },
    "range": {
      "end": {
        "character": 2,
        "line": 53
      },
      "start": {
        "character": 2,
        "line": 53
      }
    },
    "textDocument": {
      "uri": "file:///home/taba1uga/Github/open_source_ebook_reader/package/ebook_reader/src/main.c"
    }
  }
}

I[21:10:35.959] <-- textDocument/codeAction(4016)
V[21:10:35.960] ASTWorker running codeAction on version 0 of /home/taba1uga/Github/open_source_ebook_reader/package/ebook_reader/src/main.c
I[21:10:35.960] --> reply:textDocument/codeAction(4016) 0 ms
V[21:10:35.960] >>> {
  "id": 4016,
  "jsonrpc": "2.0",
  "result": []
}

V[21:10:36.386] <<< {
  "id": 4017,
  "jsonrpc": "2.0",
  "method": "textDocument/codeAction",
  "params": {
    "context": {
      "diagnostics": []
    },
    "range": {
      "end": {
        "character": 3,
        "line": 52
      },
      "start": {
        "character": 3,
        "line": 52
      }
    },
    "textDocument": {
      "uri": "file:///home/taba1uga/Github/open_source_ebook_reader/package/ebook_reader/src/main.c"
    }
  }
}

I[21:10:36.386] <-- textDocument/codeAction(4017)
V[21:10:36.386] <<< {
  "id": 4018,
  "jsonrpc": "2.0",
  "method": "textDocument/documentLink",
  "params": {
    "textDocument": {
      "uri": "file:///home/taba1uga/Github/open_source_ebook_reader/package/ebook_reader/src/main.c"
    }
  }
}

I[21:10:36.386] <-- textDocument/documentLink(4018)
V[21:10:36.386] ASTWorker running codeAction on version 0 of /home/taba1uga/Github/open_source_ebook_reader/package/ebook_reader/src/main.c
I[21:10:36.386] --> reply:textDocument/codeAction(4017) 0 ms
V[21:10:36.386] >>> {
  "id": 4017,
  "jsonrpc": "2.0",
  "result": []
}

V[21:10:36.386] ASTWorker running DocumentLinks on version 0 of /home/taba1uga/Github/open_source_ebook_reader/package/ebook_reader/src/main.c
I[21:10:36.386] --> reply:textDocument/documentLink(4018) 0 ms
V[21:10:36.386] >>> {
  "id": 4018,
  "jsonrpc": "2.0",
  "result": [
    {
      "range": {
        "end": {
          "character": 34,
          "line": 5
        },
        "start": {
          "character": 9,
          "line": 5
        }
      },
      "target": "file:///usr/include/fontconfig/fontconfig.h"
    },
    {
      "range": {
        "end": {
          "character": 19,
          "line": 6
        },
        "start": {
          "character": 9,
          "line": 6
        }
      },
      "target": "file:///usr/include/signal.h"
    },
    {
      "range": {
        "end": {
          "character": 20,
          "line": 7
        },
        "start": {
          "character": 9,
          "line": 7
        }
      },
      "target": "file:///usr/lib/llvm-19/lib/clang/19/include/stdbool.h"
    },
    {
      "range": {
        "end": {
          "character": 18,
          "line": 8
        },
        "start": {
          "character": 9,
          "line": 8
        }
      },
      "target": "file:///usr/include/stdio.h"
    },
    {
      "range": {
        "end": {
          "character": 19,
          "line": 9
        },
        "start": {
          "character": 9,
          "line": 9
        }
      },
      "target": "file:///usr/include/stdlib.h"
    },
    {
      "range": {
        "end": {
          "character": 19,
          "line": 10
        },
        "start": {
          "character": 9,
          "line": 10
        }
      },
      "target": "file:///usr/include/unistd.h"
    },
    {
      "range": {
        "end": {
          "character": 20,
          "line": 12
        },
        "start": {
          "character": 9,
          "line": 12
        }
      },
      "target": "file:///home/taba1uga/Github/open_source_ebook_reader/package/ebook_reader/src/app/app.h"
    },
    {
      "range": {
        "end": {
          "character": 22,
          "line": 13
        },
        "start": {
          "character": 9,
          "line": 13
        }
      },
      "target": "file:///home/taba1uga/Github/open_source_ebook_reader/package/ebook_reader/src/utils/err.h"
    },
    {
      "range": {
        "end": {
          "character": 22,
          "line": 14
        },
        "start": {
          "character": 9,
          "line": 14
        }
      },
      "target": "file:///home/taba1uga/Github/open_source_ebook_reader/package/ebook_reader/src/utils/log.h"
    }
  ]
}

V[21:10:36.486] <<< {
  "id": 4019,
  "jsonrpc": "2.0",
  "method": "textDocument/codeAction",
  "params": {
    "context": {
      "diagnostics": []
    },
    "range": {
      "end": {
        "character": 3,
        "line": 52
      },
      "start": {
        "character": 3,
        "line": 52
      }
    },
    "textDocument": {
      "uri": "file:///home/taba1uga/Github/open_source_ebook_reader/package/ebook_reader/src/main.c"
    }
  }
}

I[21:10:36.486] <-- textDocument/codeAction(4019)
V[21:10:36.486] ASTWorker running codeAction on version 0 of /home/taba1uga/Github/open_source_ebook_reader/package/ebook_reader/src/main.c
I[21:10:36.486] --> reply:textDocument/codeAction(4019) 0 ms
V[21:10:36.486] >>> {
  "id": 4019,
  "jsonrpc": "2.0",
  "result": []
}

V[21:10:37.454] <<< {
  "id": 4020,
  "jsonrpc": "2.0",
  "method": "textDocument/codeAction",
  "params": {
    "context": {
      "diagnostics": []
    },
    "range": {
      "end": {
        "character": 3,
        "line": 41
      },
      "start": {
        "character": 3,
        "line": 41
      }
    },
    "textDocument": {
      "uri": "file:///home/taba1uga/Github/open_source_ebook_reader/package/ebook_reader/src/main.c"
    }
  }
}

I[21:10:37.454] <-- textDocument/codeAction(4020)
V[21:10:37.454] <<< {
  "id": 4021,
  "jsonrpc": "2.0",
  "method": "textDocument/documentLink",
  "params": {
    "textDocument": {
      "uri": "file:///home/taba1uga/Github/open_source_ebook_reader/package/ebook_reader/src/main.c"
    }
  }
}

I[21:10:37.454] <-- textDocument/documentLink(4021)
V[21:10:37.454] ASTWorker running codeAction on version 0 of /home/taba1uga/Github/open_source_ebook_reader/package/ebook_reader/src/main.c
V[21:10:37.454] <<< {
  "id": 4022,
  "jsonrpc": "2.0",
  "method": "textDocument/documentHighlight",
  "params": {
    "position": {
      "character": 3,
      "line": 41
    },
    "textDocument": {
      "uri": "file:///home/taba1uga/Github/open_source_ebook_reader/package/ebook_reader/src/main.c"
    }
  }
}

I[21:10:37.455] <-- textDocument/documentHighlight(4022)
I[21:10:37.455] --> reply:textDocument/codeAction(4020) 0 ms
V[21:10:37.455] >>> {
  "id": 4020,
  "jsonrpc": "2.0",
  "result": []
}

V[21:10:37.455] ASTWorker running DocumentLinks on version 0 of /home/taba1uga/Github/open_source_ebook_reader/package/ebook_reader/src/main.c
I[21:10:37.455] --> reply:textDocument/documentLink(4021) 0 ms
V[21:10:37.455] >>> {
  "id": 4021,
  "jsonrpc": "2.0",
  "result": [
    {
      "range": {
        "end": {
          "character": 34,
          "line": 5
        },
        "start": {
          "character": 9,
          "line": 5
        }
      },
      "target": "file:///usr/include/fontconfig/fontconfig.h"
    },
    {
      "range": {
        "end": {
          "character": 19,
          "line": 6
        },
        "start": {
          "character": 9,
          "line": 6
        }
      },
      "target": "file:///usr/include/signal.h"
    },
    {
      "range": {
        "end": {
          "character": 20,
          "line": 7
        },
        "start": {
          "character": 9,
          "line": 7
        }
      },
      "target": "file:///usr/lib/llvm-19/lib/clang/19/include/stdbool.h"
    },
    {
      "range": {
        "end": {
          "character": 18,
          "line": 8
        },
        "start": {
          "character": 9,
          "line": 8
        }
      },
      "target": "file:///usr/include/stdio.h"
    },
    {
      "range": {
        "end": {
          "character": 19,
          "line": 9
        },
        "start": {
          "character": 9,
          "line": 9
        }
      },
      "target": "file:///usr/include/stdlib.h"
    },
    {
      "range": {
        "end": {
          "character": 19,
          "line": 10
        },
        "start": {
          "character": 9,
          "line": 10
        }
      },
      "target": "file:///usr/include/unistd.h"
    },
    {
      "range": {
        "end": {
          "character": 20,
          "line": 12
        },
        "start": {
          "character": 9,
          "line": 12
        }
      },
      "target": "file:///home/taba1uga/Github/open_source_ebook_reader/package/ebook_reader/src/app/app.h"
    },
    {
      "range": {
        "end": {
          "character": 22,
          "line": 13
        },
        "start": {
          "character": 9,
          "line": 13
        }
      },
      "target": "file:///home/taba1uga/Github/open_source_ebook_reader/package/ebook_reader/src/utils/err.h"
    },
    {
      "range": {
        "end": {
          "character": 22,
          "line": 14
        },
        "start": {
          "character": 9,
          "line": 14
        }
      },
      "target": "file:///home/taba1uga/Github/open_source_ebook_reader/package/ebook_reader/src/utils/log.h"
    }
  ]
}

V[21:10:37.455] ASTWorker running Highlights on version 0 of /home/taba1uga/Github/open_source_ebook_reader/package/ebook_reader/src/main.c
I[21:10:37.456] --> reply:textDocument/documentHighlight(4022) 0 ms
V[21:10:37.456] >>> {
  "id": 4022,
  "jsonrpc": "2.0",
  "result": [
    {
      "kind": 1,
      "range": {
        "end": {
          "character": 18,
          "line": 25
        },
        "start": {
          "character": 9,
          "line": 25
        }
      }
    },
    {
      "kind": 1,
      "range": {
        "end": {
          "character": 9,
          "line": 29
        },
        "start": {
          "character": 2,
          "line": 29
        }
      }
    },
    {
      "kind": 1,
      "range": {
        "end": {
          "character": 9,
          "line": 34
        },
        "start": {
          "character": 2,
          "line": 34
        }
      }
    },
    {
      "kind": 1,
      "range": {
        "end": {
          "character": 9,
          "line": 41
        },
        "start": {
          "character": 0,
          "line": 41
        }
      }
    }
  ]
}

V[21:10:37.554] <<< {
  "id": 4023,
  "jsonrpc": "2.0",
  "method": "textDocument/codeAction",
  "params": {
    "context": {
      "diagnostics": []
    },
    "range": {
      "end": {
        "character": 3,
        "line": 41
      },
      "start": {
        "character": 3,
        "line": 41
      }
    },
    "textDocument": {
      "uri": "file:///home/taba1uga/Github/open_source_ebook_reader/package/ebook_reader/src/main.c"
    }
  }
}

I[21:10:37.554] <-- textDocument/codeAction(4023)
V[21:10:37.554] ASTWorker running codeAction on version 0 of /home/taba1uga/Github/open_source_ebook_reader/package/ebook_reader/src/main.c
I[21:10:37.554] --> reply:textDocument/codeAction(4023) 0 ms
V[21:10:37.554] >>> {
  "id": 4023,
  "jsonrpc": "2.0",
  "result": []
}

V[21:10:37.854] <<< {
  "id": 4024,
  "jsonrpc": "2.0",
  "method": "textDocument/hover",
  "params": {
    "position": {
      "character": 3,
      "line": 41
    },
    "textDocument": {
      "uri": "file:///home/taba1uga/Github/open_source_ebook_reader/package/ebook_reader/src/main.c"
    }
  }
}

I[21:10:37.854] <-- textDocument/hover(4024)
V[21:10:37.854] ASTWorker running Hover on version 0 of /home/taba1uga/Github/open_source_ebook_reader/package/ebook_reader/src/main.c
I[21:10:37.855] --> reply:textDocument/hover(4024) 1 ms
V[21:10:37.855] >>> {
  "id": 4024,
  "jsonrpc": "2.0",
  "result": {
    "contents": {
      "kind": "markdown",
      "value": "### `error_out`  \n\n---\n```cpp\n// In main\nerror_out:\n```"
    },
    "range": {
      "end": {
        "character": 9,
        "line": 41
      },
      "start": {
        "character": 0,
        "line": 41
      }
    }
  }
}

V[21:10:38.573] <<< {
  "id": 4025,
  "jsonrpc": "2.0",
  "method": "textDocument/codeAction",
  "params": {
    "context": {
      "diagnostics": []
    },
    "range": {
      "end": {
        "character": 3,
        "line": 42
      },
      "start": {
        "character": 3,
        "line": 42
      }
    },
    "textDocument": {
      "uri": "file:///home/taba1uga/Github/open_source_ebook_reader/package/ebook_reader/src/main.c"
    }
  }
}

I[21:10:38.573] <-- textDocument/codeAction(4025)
V[21:10:38.573] <<< {
  "id": 4026,
  "jsonrpc": "2.0",
  "method": "textDocument/documentLink",
  "params": {
    "textDocument": {
      "uri": "file:///home/taba1uga/Github/open_source_ebook_reader/package/ebook_reader/src/main.c"
    }
  }
}

I[21:10:38.573] <-- textDocument/documentLink(4026)
V[21:10:38.573] <<< {
  "id": 4027,
  "jsonrpc": "2.0",
  "method": "textDocument/documentHighlight",
  "params": {
    "position": {
      "character": 3,
      "line": 42
    },
    "textDocument": {
      "uri": "file:///home/taba1uga/Github/open_source_ebook_reader/package/ebook_reader/src/main.c"
    }
  }
}

I[21:10:38.573] <-- textDocument/documentHighlight(4027)
V[21:10:38.573] ASTWorker running codeAction on version 0 of /home/taba1uga/Github/open_source_ebook_reader/package/ebook_reader/src/main.c
I[21:10:38.574] --> reply:textDocument/codeAction(4025) 0 ms
V[21:10:38.574] >>> {
  "id": 4025,
  "jsonrpc": "2.0",
  "result": [
    {
      "command": {
        "arguments": [
          {
            "file": "file:///home/taba1uga/Github/open_source_ebook_reader/package/ebook_reader/src/main.c",
            "selection": {
              "end": {
                "character": 3,
                "line": 42
              },
              "start": {
                "character": 3,
                "line": 42
              }
            },
            "tweakID": "ExpandMacro"
          }
        ],
        "command": "clangd.applyTweak",
        "title": "Expand macro 'log_error'"
      },
      "kind": "refactor",
      "title": "Expand macro 'log_error'"
    }
  ]
}

V[21:10:38.574] ASTWorker running DocumentLinks on version 0 of /home/taba1uga/Github/open_source_ebook_reader/package/ebook_reader/src/main.c
I[21:10:38.574] --> reply:textDocument/documentLink(4026) 0 ms
V[21:10:38.574] >>> {
  "id": 4026,
  "jsonrpc": "2.0",
  "result": [
    {
      "range": {
        "end": {
          "character": 34,
          "line": 5
        },
        "start": {
          "character": 9,
          "line": 5
        }
      },
      "target": "file:///usr/include/fontconfig/fontconfig.h"
    },
    {
      "range": {
        "end": {
          "character": 19,
          "line": 6
        },
        "start": {
          "character": 9,
          "line": 6
        }
      },
      "target": "file:///usr/include/signal.h"
    },
    {
      "range": {
        "end": {
          "character": 20,
          "line": 7
        },
        "start": {
          "character": 9,
          "line": 7
        }
      },
      "target": "file:///usr/lib/llvm-19/lib/clang/19/include/stdbool.h"
    },
    {
      "range": {
        "end": {
          "character": 18,
          "line": 8
        },
        "start": {
          "character": 9,
          "line": 8
        }
      },
      "target": "file:///usr/include/stdio.h"
    },
    {
      "range": {
        "end": {
          "character": 19,
          "line": 9
        },
        "start": {
          "character": 9,
          "line": 9
        }
      },
      "target": "file:///usr/include/stdlib.h"
    },
    {
      "range": {
        "end": {
          "character": 19,
          "line": 10
        },
        "start": {
          "character": 9,
          "line": 10
        }
      },
      "target": "file:///usr/include/unistd.h"
    },
    {
      "range": {
        "end": {
          "character": 20,
          "line": 12
        },
        "start": {
          "character": 9,
          "line": 12
        }
      },
      "target": "file:///home/taba1uga/Github/open_source_ebook_reader/package/ebook_reader/src/app/app.h"
    },
    {
      "range": {
        "end": {
          "character": 22,
          "line": 13
        },
        "start": {
          "character": 9,
          "line": 13
        }
      },
      "target": "file:///home/taba1uga/Github/open_source_ebook_reader/package/ebook_reader/src/utils/err.h"
    },
    {
      "range": {
        "end": {
          "character": 22,
          "line": 14
        },
        "start": {
          "character": 9,
          "line": 14
        }
      },
      "target": "file:///home/taba1uga/Github/open_source_ebook_reader/package/ebook_reader/src/utils/log.h"
    }
  ]
}

V[21:10:38.574] ASTWorker running Highlights on version 0 of /home/taba1uga/Github/open_source_ebook_reader/package/ebook_reader/src/main.c
I[21:10:38.574] --> reply:textDocument/documentHighlight(4027) 0 ms
V[21:10:38.574] >>> {
  "id": 4027,
  "jsonrpc": "2.0",
  "result": []
}

V[21:10:38.673] <<< {
  "id": 4028,
  "jsonrpc": "2.0",
  "method": "textDocument/codeAction",
  "params": {
    "context": {
      "diagnostics": []
    },
    "range": {
      "end": {
        "character": 3,
        "line": 42
      },
      "start": {
        "character": 3,
        "line": 42
      }
    },
    "textDocument": {
      "uri": "file:///home/taba1uga/Github/open_source_ebook_reader/package/ebook_reader/src/main.c"
    }
  }
}

I[21:10:38.673] <-- textDocument/codeAction(4028)
V[21:10:38.673] ASTWorker running codeAction on version 0 of /home/taba1uga/Github/open_source_ebook_reader/package/ebook_reader/src/main.c
I[21:10:38.673] --> reply:textDocument/codeAction(4028) 0 ms
V[21:10:38.673] >>> {
  "id": 4028,
  "jsonrpc": "2.0",
  "result": [
    {
      "command": {
        "arguments": [
          {
            "file": "file:///home/taba1uga/Github/open_source_ebook_reader/package/ebook_reader/src/main.c",
            "selection": {
              "end": {
                "character": 3,
                "line": 42
              },
              "start": {
                "character": 3,
                "line": 42
              }
            },
            "tweakID": "ExpandMacro"
          }
        ],
        "command": "clangd.applyTweak",
        "title": "Expand macro 'log_error'"
      },
      "kind": "refactor",
      "title": "Expand macro 'log_error'"
    }
  ]
}

V[21:10:38.973] <<< {
  "id": 4029,
  "jsonrpc": "2.0",
  "method": "textDocument/hover",
  "params": {
    "position": {
      "character": 3,
      "line": 42
    },
    "textDocument": {
      "uri": "file:///home/taba1uga/Github/open_source_ebook_reader/package/ebook_reader/src/main.c"
    }
  }
}

I[21:10:38.973] <-- textDocument/hover(4029)
V[21:10:38.973] ASTWorker running Hover on version 0 of /home/taba1uga/Github/open_source_ebook_reader/package/ebook_reader/src/main.c
I[21:10:38.975] --> reply:textDocument/hover(4029) 2 ms
V[21:10:38.975] >>> {
  "id": 4029,
  "jsonrpc": "2.0",
  "result": {
    "contents": {
      "kind": "markdown",
      "value": "### macro `log_error`  \nprovided by `\"utils/log.h\"`  \n\n---\n```cpp\n#define log_error(err)                                                         \\\n  {                                                                            \\\n    char buf[4096];                                                            \\\n    err_error_dumps(err, sizeof(buf), buf);                                    \\\n    fprintf(stdout, \"[ERROR]: %s\\n\", buf);                                     \\\n  }\n\n// Expands to\n{\n  char buf[4096];\n  err_error_dumps(err_o, sizeof(buf), buf);\n  fprintf(stdout, \"[ERROR]: %s\\n\", buf);\n}\n```"
    },
    "range": {
      "end": {
        "character": 11,
        "line": 42
      },
      "start": {
        "character": 2,
        "line": 42
      }
    }
  }
}

V[21:10:40.072] <<< {
  "id": 4030,
  "jsonrpc": "2.0",
  "method": "textDocument/codeAction",
  "params": {
    "context": {
      "diagnostics": []
    },
    "range": {
      "end": {
        "character": 3,
        "line": 64
      },
      "start": {
        "character": 3,
        "line": 64
      }
    },
    "textDocument": {
      "uri": "file:///home/taba1uga/Github/open_source_ebook_reader/package/ebook_reader/src/main.c"
    }
  }
}

I[21:10:40.072] <-- textDocument/codeAction(4030)
V[21:10:40.072] <<< {
  "id": 4031,
  "jsonrpc": "2.0",
  "method": "textDocument/documentLink",
  "params": {
    "textDocument": {
      "uri": "file:///home/taba1uga/Github/open_source_ebook_reader/package/ebook_reader/src/main.c"
    }
  }
}

I[21:10:40.072] <-- textDocument/documentLink(4031)
V[21:10:40.072] <<< {
  "id": 4032,
  "jsonrpc": "2.0",
  "method": "textDocument/documentHighlight",
  "params": {
    "position": {
      "character": 3,
      "line": 64
    },
    "textDocument": {
      "uri": "file:///home/taba1uga/Github/open_source_ebook_reader/package/ebook_reader/src/main.c"
    }
  }
}

I[21:10:40.072] <-- textDocument/documentHighlight(4032)
V[21:10:40.072] ASTWorker running codeAction on version 0 of /home/taba1uga/Github/open_source_ebook_reader/package/ebook_reader/src/main.c
I[21:10:40.072] --> reply:textDocument/codeAction(4030) 0 ms
V[21:10:40.072] >>> {
  "id": 4030,
  "jsonrpc": "2.0",
  "result": []
}

V[21:10:40.072] ASTWorker running DocumentLinks on version 0 of /home/taba1uga/Github/open_source_ebook_reader/package/ebook_reader/src/main.c
I[21:10:40.072] --> reply:textDocument/documentLink(4031) 0 ms
V[21:10:40.072] >>> {
  "id": 4031,
  "jsonrpc": "2.0",
  "result": [
    {
      "range": {
        "end": {
          "character": 34,
          "line": 5
        },
        "start": {
          "character": 9,
          "line": 5
        }
      },
      "target": "file:///usr/include/fontconfig/fontconfig.h"
    },
    {
      "range": {
        "end": {
          "character": 19,
          "line": 6
        },
        "start": {
          "character": 9,
          "line": 6
        }
      },
      "target": "file:///usr/include/signal.h"
    },
    {
      "range": {
        "end": {
          "character": 20,
          "line": 7
        },
        "start": {
          "character": 9,
          "line": 7
        }
      },
      "target": "file:///usr/lib/llvm-19/lib/clang/19/include/stdbool.h"
    },
    {
      "range": {
        "end": {
          "character": 18,
          "line": 8
        },
        "start": {
          "character": 9,
          "line": 8
        }
      },
      "target": "file:///usr/include/stdio.h"
    },
    {
      "range": {
        "end": {
          "character": 19,
          "line": 9
        },
        "start": {
          "character": 9,
          "line": 9
        }
      },
      "target": "file:///usr/include/stdlib.h"
    },
    {
      "range": {
        "end": {
          "character": 19,
          "line": 10
        },
        "start": {
          "character": 9,
          "line": 10
        }
      },
      "target": "file:///usr/include/unistd.h"
    },
    {
      "range": {
        "end": {
          "character": 20,
          "line": 12
        },
        "start": {
          "character": 9,
          "line": 12
        }
      },
      "target": "file:///home/taba1uga/Github/open_source_ebook_reader/package/ebook_reader/src/app/app.h"
    },
    {
      "range": {
        "end": {
          "character": 22,
          "line": 13
        },
        "start": {
          "character": 9,
          "line": 13
        }
      },
      "target": "file:///home/taba1uga/Github/open_source_ebook_reader/package/ebook_reader/src/utils/err.h"
    },
    {
      "range": {
        "end": {
          "character": 22,
          "line": 14
        },
        "start": {
          "character": 9,
          "line": 14
        }
      },
      "target": "file:///home/taba1uga/Github/open_source_ebook_reader/package/ebook_reader/src/utils/log.h"
    }
  ]
}

V[21:10:40.072] ASTWorker running Highlights on version 0 of /home/taba1uga/Github/open_source_ebook_reader/package/ebook_reader/src/main.c
I[21:10:40.073] --> reply:textDocument/documentHighlight(4032) 0 ms
V[21:10:40.073] >>> {
  "id": 4032,
  "jsonrpc": "2.0",
  "result": [
    {
      "kind": 1,
      "range": {
        "end": {
          "character": 26,
          "line": 19
        },
        "start": {
          "character": 12,
          "line": 19
        }
      }
    },
    {
      "kind": 1,
      "range": {
        "end": {
          "character": 26,
          "line": 64
        },
        "start": {
          "character": 12,
          "line": 64
        }
      }
    },
    {
      "kind": 1,
      "range": {
        "end": {
          "character": 32,
          "line": 74
        },
        "start": {
          "character": 18,
          "line": 74
        }
      }
    }
  ]
}

V[21:10:40.172] <<< {
  "id": 4033,
  "jsonrpc": "2.0",
  "method": "textDocument/codeAction",
  "params": {
    "context": {
      "diagnostics": [
        {
          "code": "-Wunused-parameter",
          "message": "Unused parameter 'signum'",
          "range": {
            "end": {
              "character": 37,
              "line": 64
            },
            "start": {
              "character": 31,
              "line": 64
            }
          },
          "relatedInformation": [],
          "severity": 2,
          "source": "clang",
          "tags": [
            1
          ]
        }
      ]
    },
    "range": {
      "end": {
        "character": 37,
        "line": 64
      },
      "start": {
        "character": 3,
        "line": 64
      }
    },
    "textDocument": {
      "uri": "file:///home/taba1uga/Github/open_source_ebook_reader/package/ebook_reader/src/main.c"
    }
  }
}

I[21:10:40.172] <-- textDocument/codeAction(4033)
V[21:10:40.172] ASTWorker running codeAction on version 0 of /home/taba1uga/Github/open_source_ebook_reader/package/ebook_reader/src/main.c
I[21:10:40.172] --> reply:textDocument/codeAction(4033) 0 ms
V[21:10:40.172] >>> {
  "id": 4033,
  "jsonrpc": "2.0",
  "result": []
}

V[21:10:40.472] <<< {
  "id": 4034,
  "jsonrpc": "2.0",
  "method": "textDocument/hover",
  "params": {
    "position": {
      "character": 3,
      "line": 64
    },
    "textDocument": {
      "uri": "file:///home/taba1uga/Github/open_source_ebook_reader/package/ebook_reader/src/main.c"
    }
  }
}

I[21:10:40.472] <-- textDocument/hover(4034)
V[21:10:40.472] ASTWorker running Hover on version 0 of /home/taba1uga/Github/open_source_ebook_reader/package/ebook_reader/src/main.c
I[21:10:40.473] --> reply:textDocument/hover(4034) 1 ms
V[21:10:40.473] >>> {
  "id": 4034,
  "jsonrpc": "2.0",
  "result": {
    "contents": {
      "kind": "markdown",
      "value": "### function `signal_handler`  \n\n---\n→ `void`  \nParameters:  \n- `int signum`\n\n---\n```cpp\nstatic void signal_handler(int signum)\n```"
    },
    "range": {
      "end": {
        "character": 6,
        "line": 64
      },
      "start": {
        "character": 0,
        "line": 64
      }
    }
  }
}

V[21:10:40.996] <<< {
  "id": 4035,
  "jsonrpc": "2.0",
  "method": "textDocument/codeAction",
  "params": {
    "context": {
      "diagnostics": []
    },
    "range": {
      "end": {
        "character": 0,
        "line": 63
      },
      "start": {
        "character": 0,
        "line": 63
      }
    },
    "textDocument": {
      "uri": "file:///home/taba1uga/Github/open_source_ebook_reader/package/ebook_reader/src/main.c"
    }
  }
}

I[21:10:40.996] <-- textDocument/codeAction(4035)
V[21:10:40.996] <<< {
  "id": 4036,
  "jsonrpc": "2.0",
  "method": "textDocument/documentLink",
  "params": {
    "textDocument": {
      "uri": "file:///home/taba1uga/Github/open_source_ebook_reader/package/ebook_reader/src/main.c"
    }
  }
}

I[21:10:40.996] <-- textDocument/documentLink(4036)
V[21:10:40.997] ASTWorker running codeAction on version 0 of /home/taba1uga/Github/open_source_ebook_reader/package/ebook_reader/src/main.c
I[21:10:40.997] --> reply:textDocument/codeAction(4035) 1 ms
V[21:10:40.997] >>> {
  "id": 4035,
  "jsonrpc": "2.0",
  "result": []
}

V[21:10:40.997] ASTWorker running DocumentLinks on version 0 of /home/taba1uga/Github/open_source_ebook_reader/package/ebook_reader/src/main.c
I[21:10:40.997] --> reply:textDocument/documentLink(4036) 1 ms
V[21:10:41.000] >>> {
  "id": 4036,
  "jsonrpc": "2.0",
  "result": [
    {
      "range": {
        "end": {
          "character": 34,
          "line": 5
        },
        "start": {
          "character": 9,
          "line": 5
        }
      },
      "target": "file:///usr/include/fontconfig/fontconfig.h"
    },
    {
      "range": {
        "end": {
          "character": 19,
          "line": 6
        },
        "start": {
          "character": 9,
          "line": 6
        }
      },
      "target": "file:///usr/include/signal.h"
    },
    {
      "range": {
        "end": {
          "character": 20,
          "line": 7
        },
        "start": {
          "character": 9,
          "line": 7
        }
      },
      "target": "file:///usr/lib/llvm-19/lib/clang/19/include/stdbool.h"
    },
    {
      "range": {
        "end": {
          "character": 18,
          "line": 8
        },
        "start": {
          "character": 9,
          "line": 8
        }
      },
      "target": "file:///usr/include/stdio.h"
    },
    {
      "range": {
        "end": {
          "character": 19,
          "line": 9
        },
        "start": {
          "character": 9,
          "line": 9
        }
      },
      "target": "file:///usr/include/stdlib.h"
    },
    {
      "range": {
        "end": {
          "character": 19,
          "line": 10
        },
        "start": {
          "character": 9,
          "line": 10
        }
      },
      "target": "file:///usr/include/unistd.h"
    },
    {
      "range": {
        "end": {
          "character": 20,
          "line": 12
        },
        "start": {
          "character": 9,
          "line": 12
        }
      },
      "target": "file:///home/taba1uga/Github/open_source_ebook_reader/package/ebook_reader/src/app/app.h"
    },
    {
      "range": {
        "end": {
          "character": 22,
          "line": 13
        },
        "start": {
          "character": 9,
          "line": 13
        }
      },
      "target": "file:///home/taba1uga/Github/open_source_ebook_reader/package/ebook_reader/src/utils/err.h"
    },
    {
      "range": {
        "end": {
          "character": 22,
          "line": 14
        },
        "start": {
          "character": 9,
          "line": 14
        }
      },
      "target": "file:///home/taba1uga/Github/open_source_ebook_reader/package/ebook_reader/src/utils/log.h"
    }
  ]
}

V[21:10:41.096] <<< {
  "id": 4037,
  "jsonrpc": "2.0",
  "method": "textDocument/codeAction",
  "params": {
    "context": {
      "diagnostics": []
    },
    "range": {
      "end": {
        "character": 0,
        "line": 63
      },
      "start": {
        "character": 0,
        "line": 63
      }
    },
    "textDocument": {
      "uri": "file:///home/taba1uga/Github/open_source_ebook_reader/package/ebook_reader/src/main.c"
    }
  }
}

I[21:10:41.096] <-- textDocument/codeAction(4037)
V[21:10:41.096] ASTWorker running codeAction on version 0 of /home/taba1uga/Github/open_source_ebook_reader/package/ebook_reader/src/main.c
I[21:10:41.096] --> reply:textDocument/codeAction(4037) 0 ms
V[21:10:41.096] >>> {
  "id": 4037,
  "jsonrpc": "2.0",
  "result": []
}

V[21:11:02.729] <<< {
  "id": 4038,
  "jsonrpc": "2.0",
  "method": "textDocument/codeAction",
  "params": {
    "context": {
      "diagnostics": []
    },
    "range": {
      "end": {
        "character": 0,
        "line": 63
      },
      "start": {
        "character": 0,
        "line": 63
      }
    },
    "textDocument": {
      "uri": "file:///home/taba1uga/Github/open_source_ebook_reader/package/ebook_reader/src/main.c"
    }
  }
}

I[21:11:02.729] <-- textDocument/codeAction(4038)
V[21:11:02.729] <<< {
  "id": 4039,
  "jsonrpc": "2.0",
  "method": "textDocument/documentLink",
  "params": {
    "textDocument": {
      "uri": "file:///home/taba1uga/Github/open_source_ebook_reader/package/ebook_reader/src/main.c"
    }
  }
}

I[21:11:02.729] <-- textDocument/documentLink(4039)
V[21:11:02.729] ASTWorker running codeAction on version 0 of /home/taba1uga/Github/open_source_ebook_reader/package/ebook_reader/src/main.c
I[21:11:02.729] --> reply:textDocument/codeAction(4038) 0 ms
V[21:11:02.730] >>> {
  "id": 4038,
  "jsonrpc": "2.0",
  "result": []
}

V[21:11:02.730] ASTWorker running DocumentLinks on version 0 of /home/taba1uga/Github/open_source_ebook_reader/package/ebook_reader/src/main.c
I[21:11:02.730] --> reply:textDocument/documentLink(4039) 0 ms
V[21:11:02.730] >>> {
  "id": 4039,
  "jsonrpc": "2.0",
  "result": [
    {
      "range": {
        "end": {
          "character": 34,
          "line": 5
        },
        "start": {
          "character": 9,
          "line": 5
        }
      },
      "target": "file:///usr/include/fontconfig/fontconfig.h"
    },
    {
      "range": {
        "end": {
          "character": 19,
          "line": 6
        },
        "start": {
          "character": 9,
          "line": 6
        }
      },
      "target": "file:///usr/include/signal.h"
    },
    {
      "range": {
        "end": {
          "character": 20,
          "line": 7
        },
        "start": {
          "character": 9,
          "line": 7
        }
      },
      "target": "file:///usr/lib/llvm-19/lib/clang/19/include/stdbool.h"
    },
    {
      "range": {
        "end": {
          "character": 18,
          "line": 8
        },
        "start": {
          "character": 9,
          "line": 8
        }
      },
      "target": "file:///usr/include/stdio.h"
    },
    {
      "range": {
        "end": {
          "character": 19,
          "line": 9
        },
        "start": {
          "character": 9,
          "line": 9
        }
      },
      "target": "file:///usr/include/stdlib.h"
    },
    {
      "range": {
        "end": {
          "character": 19,
          "line": 10
        },
        "start": {
          "character": 9,
          "line": 10
        }
      },
      "target": "file:///usr/include/unistd.h"
    },
    {
      "range": {
        "end": {
          "character": 20,
          "line": 12
        },
        "start": {
          "character": 9,
          "line": 12
        }
      },
      "target": "file:///home/taba1uga/Github/open_source_ebook_reader/package/ebook_reader/src/app/app.h"
    },
    {
      "range": {
        "end": {
          "character": 22,
          "line": 13
        },
        "start": {
          "character": 9,
          "line": 13
        }
      },
      "target": "file:///home/taba1uga/Github/open_source_ebook_reader/package/ebook_reader/src/utils/err.h"
    },
    {
      "range": {
        "end": {
          "character": 22,
          "line": 14
        },
        "start": {
          "character": 9,
          "line": 14
        }
      },
      "target": "file:///home/taba1uga/Github/open_source_ebook_reader/package/ebook_reader/src/utils/log.h"
    }
  ]
}

V[21:11:02.828] <<< {
  "id": 4040,
  "jsonrpc": "2.0",
  "method": "textDocument/codeAction",
  "params": {
    "context": {
      "diagnostics": []
    },
    "range": {
      "end": {
        "character": 0,
        "line": 63
      },
      "start": {
        "character": 0,
        "line": 63
      }
    },
    "textDocument": {
      "uri": "file:///home/taba1uga/Github/open_source_ebook_reader/package/ebook_reader/src/main.c"
    }
  }
}

I[21:11:02.829] <-- textDocument/codeAction(4040)
V[21:11:02.829] ASTWorker running codeAction on version 0 of /home/taba1uga/Github/open_source_ebook_reader/package/ebook_reader/src/main.c
I[21:11:02.829] --> reply:textDocument/codeAction(4040) 0 ms
V[21:11:02.829] >>> {
  "id": 4040,
  "jsonrpc": "2.0",
  "result": []
}

V[21:11:20.302] <<< {
  "id": 4043,
  "jsonrpc": "2.0",
  "method": "textDocument/codeAction",
  "params": {
    "context": {
      "diagnostics": []
    },
    "range": {
      "end": {
        "character": 0,
        "line": 63
      },
      "start": {
        "character": 0,
        "line": 63
      }
    },
    "textDocument": {
      "uri": "file:///home/taba1uga/Github/open_source_ebook_reader/package/ebook_reader/src/main.c"
    }
  }
}

I[21:11:20.303] <-- textDocument/codeAction(4043)
V[21:11:20.303] <<< {
  "id": 4044,
  "jsonrpc": "2.0",
  "method": "textDocument/documentLink",
  "params": {
    "textDocument": {
      "uri": "file:///home/taba1uga/Github/open_source_ebook_reader/package/ebook_reader/src/main.c"
    }
  }
}

I[21:11:20.303] <-- textDocument/documentLink(4044)
V[21:11:20.303] ASTWorker running codeAction on version 0 of /home/taba1uga/Github/open_source_ebook_reader/package/ebook_reader/src/main.c
I[21:11:20.303] --> reply:textDocument/codeAction(4043) 0 ms
V[21:11:20.303] >>> {
  "id": 4043,
  "jsonrpc": "2.0",
  "result": []
}

V[21:11:20.303] ASTWorker running DocumentLinks on version 0 of /home/taba1uga/Github/open_source_ebook_reader/package/ebook_reader/src/main.c
I[21:11:20.303] --> reply:textDocument/documentLink(4044) 0 ms
V[21:11:20.303] >>> {
  "id": 4044,
  "jsonrpc": "2.0",
  "result": [
    {
      "range": {
        "end": {
          "character": 34,
          "line": 5
        },
        "start": {
          "character": 9,
          "line": 5
        }
      },
      "target": "file:///usr/include/fontconfig/fontconfig.h"
    },
    {
      "range": {
        "end": {
          "character": 19,
          "line": 6
        },
        "start": {
          "character": 9,
          "line": 6
        }
      },
      "target": "file:///usr/include/signal.h"
    },
    {
      "range": {
        "end": {
          "character": 20,
          "line": 7
        },
        "start": {
          "character": 9,
          "line": 7
        }
      },
      "target": "file:///usr/lib/llvm-19/lib/clang/19/include/stdbool.h"
    },
    {
      "range": {
        "end": {
          "character": 18,
          "line": 8
        },
        "start": {
          "character": 9,
          "line": 8
        }
      },
      "target": "file:///usr/include/stdio.h"
    },
    {
      "range": {
        "end": {
          "character": 19,
          "line": 9
        },
        "start": {
          "character": 9,
          "line": 9
        }
      },
      "target": "file:///usr/include/stdlib.h"
    },
    {
      "range": {
        "end": {
          "character": 19,
          "line": 10
        },
        "start": {
          "character": 9,
          "line": 10
        }
      },
      "target": "file:///usr/include/unistd.h"
    },
    {
      "range": {
        "end": {
          "character": 20,
          "line": 12
        },
        "start": {
          "character": 9,
          "line": 12
        }
      },
      "target": "file:///home/taba1uga/Github/open_source_ebook_reader/package/ebook_reader/src/app/app.h"
    },
    {
      "range": {
        "end": {
          "character": 22,
          "line": 13
        },
        "start": {
          "character": 9,
          "line": 13
        }
      },
      "target": "file:///home/taba1uga/Github/open_source_ebook_reader/package/ebook_reader/src/utils/err.h"
    },
    {
      "range": {
        "end": {
          "character": 22,
          "line": 14
        },
        "start": {
          "character": 9,
          "line": 14
        }
      },
      "target": "file:///home/taba1uga/Github/open_source_ebook_reader/package/ebook_reader/src/utils/log.h"
    }
  ]
}

V[21:11:20.402] <<< {
  "id": 4045,
  "jsonrpc": "2.0",
  "method": "textDocument/codeAction",
  "params": {
    "context": {
      "diagnostics": []
    },
    "range": {
      "end": {
        "character": 0,
        "line": 63
      },
      "start": {
        "character": 0,
        "line": 63
      }
    },
    "textDocument": {
      "uri": "file:///home/taba1uga/Github/open_source_ebook_reader/package/ebook_reader/src/main.c"
    }
  }
}

I[21:11:20.402] <-- textDocument/codeAction(4045)
V[21:11:20.403] ASTWorker running codeAction on version 0 of /home/taba1uga/Github/open_source_ebook_reader/package/ebook_reader/src/main.c
I[21:11:20.403] --> reply:textDocument/codeAction(4045) 0 ms
V[21:11:20.403] >>> {
  "id": 4045,
  "jsonrpc": "2.0",
  "result": []
}

V[21:45:28.220] <<< {
  "id": 6846,
  "jsonrpc": "2.0",
  "method": "textDocument/codeAction",
  "params": {
    "context": {
      "diagnostics": []
    },
    "range": {
      "end": {
        "character": 0,
        "line": 63
      },
      "start": {
        "character": 0,
        "line": 63
      }
    },
    "textDocument": {
      "uri": "file:///home/taba1uga/Github/open_source_ebook_reader/package/ebook_reader/src/main.c"
    }
  }
}

I[21:45:28.220] <-- textDocument/codeAction(6846)
V[21:45:28.220] <<< {
  "id": 6847,
  "jsonrpc": "2.0",
  "method": "textDocument/documentLink",
  "params": {
    "textDocument": {
      "uri": "file:///home/taba1uga/Github/open_source_ebook_reader/package/ebook_reader/src/main.c"
    }
  }
}

I[21:45:28.220] <-- textDocument/documentLink(6847)
V[21:45:28.220] ASTWorker running codeAction on version 0 of /home/taba1uga/Github/open_source_ebook_reader/package/ebook_reader/src/main.c
I[21:45:28.220] --> reply:textDocument/codeAction(6846) 0 ms
V[21:45:28.220] >>> {
  "id": 6846,
  "jsonrpc": "2.0",
  "result": []
}

V[21:45:28.220] ASTWorker running DocumentLinks on version 0 of /home/taba1uga/Github/open_source_ebook_reader/package/ebook_reader/src/main.c
I[21:45:28.221] --> reply:textDocument/documentLink(6847) 0 ms
V[21:45:28.221] >>> {
  "id": 6847,
  "jsonrpc": "2.0",
  "result": [
    {
      "range": {
        "end": {
          "character": 34,
          "line": 5
        },
        "start": {
          "character": 9,
          "line": 5
        }
      },
      "target": "file:///usr/include/fontconfig/fontconfig.h"
    },
    {
      "range": {
        "end": {
          "character": 19,
          "line": 6
        },
        "start": {
          "character": 9,
          "line": 6
        }
      },
      "target": "file:///usr/include/signal.h"
    },
    {
      "range": {
        "end": {
          "character": 20,
          "line": 7
        },
        "start": {
          "character": 9,
          "line": 7
        }
      },
      "target": "file:///usr/lib/llvm-19/lib/clang/19/include/stdbool.h"
    },
    {
      "range": {
        "end": {
          "character": 18,
          "line": 8
        },
        "start": {
          "character": 9,
          "line": 8
        }
      },
      "target": "file:///usr/include/stdio.h"
    },
    {
      "range": {
        "end": {
          "character": 19,
          "line": 9
        },
        "start": {
          "character": 9,
          "line": 9
        }
      },
      "target": "file:///usr/include/stdlib.h"
    },
    {
      "range": {
        "end": {
          "character": 19,
          "line": 10
        },
        "start": {
          "character": 9,
          "line": 10
        }
      },
      "target": "file:///usr/include/unistd.h"
    },
    {
      "range": {
        "end": {
          "character": 20,
          "line": 12
        },
        "start": {
          "character": 9,
          "line": 12
        }
      },
      "target": "file:///home/taba1uga/Github/open_source_ebook_reader/package/ebook_reader/src/app/app.h"
    },
    {
      "range": {
        "end": {
          "character": 22,
          "line": 13
        },
        "start": {
          "character": 9,
          "line": 13
        }
      },
      "target": "file:///home/taba1uga/Github/open_source_ebook_reader/package/ebook_reader/src/utils/err.h"
    },
    {
      "range": {
        "end": {
          "character": 22,
          "line": 14
        },
        "start": {
          "character": 9,
          "line": 14
        }
      },
      "target": "file:///home/taba1uga/Github/open_source_ebook_reader/package/ebook_reader/src/utils/log.h"
    }
  ]
}

V[21:45:28.319] <<< {
  "id": 6848,
  "jsonrpc": "2.0",
  "method": "textDocument/codeAction",
  "params": {
    "context": {
      "diagnostics": []
    },
    "range": {
      "end": {
        "character": 0,
        "line": 63
      },
      "start": {
        "character": 0,
        "line": 63
      }
    },
    "textDocument": {
      "uri": "file:///home/taba1uga/Github/open_source_ebook_reader/package/ebook_reader/src/main.c"
    }
  }
}

I[21:45:28.319] <-- textDocument/codeAction(6848)
V[21:45:28.320] ASTWorker running codeAction on version 0 of /home/taba1uga/Github/open_source_ebook_reader/package/ebook_reader/src/main.c
I[21:45:28.320] --> reply:textDocument/codeAction(6848) 0 ms
V[21:45:28.320] >>> {
  "id": 6848,
  "jsonrpc": "2.0",
  "result": []
}

E[21:53:59.441] Transport error: Got signal, shutting down
I[21:53:59.441] LSP finished, exiting with status 1
